,Created_at,agg_neg,agg_nue,agg_pos,number of tweets
,,,,,
0,2020-01-01,0.12675108372432947,0.5923078046287112,0.2809411086590885,96
1,2020-01-02,0.16464418038231277,0.6552340615719354,0.1801217557794876,101
2,2020-01-03,0.14660580588450844,0.6386124930511271,0.21478169945011832,171
3,2020-01-04,0.15648417136717355,0.6158374765681791,0.22767835258875574,116
4,2020-01-05,0.15734121193476,0.652019149907966,0.19063963886819055,106
5,2020-01-06,0.12921818967304965,0.6673158472326005,0.2034659631248392,117
6,2020-01-07,0.1234800641387005,0.6767308208760897,0.19978911170019534,191
7,2020-01-08,0.15213880538601576,0.625161644784713,0.22269955220934165,169
8,2020-01-09,0.13320673628653104,0.6672421032856574,0.19955116521559163,162
9,2020-01-10,0.13586904852301987,0.6696084225754007,0.19452253176354167,118
10,2020-01-11,0.14589068480094017,0.6089865682525307,0.24512274806293702,92
11,2020-01-12,0.15737332962380884,0.6411486570986079,0.20147801256857673,89
12,2020-01-13,0.15388099071154937,0.64516533655689,0.20095367664565036,174
13,2020-01-14,0.13631333417826946,0.6599190385429965,0.20376762675108315,165
14,2020-01-15,0.14175999775774134,0.6719006396738776,0.18633935998048257,140
15,2020-01-16,0.16119408769916313,0.6712298254947523,0.1675760872487328,153
16,2020-01-17,0.1683827596933344,0.6248722247674661,0.20674501897587869,126
17,2020-01-18,0.20200076924819924,0.6512093873280468,0.1467898398044721,108
18,2020-01-19,0.13095715566984426,0.6366812336401443,0.23236161225108573,103
19,2020-01-20,0.14114948859914353,0.6569023718141124,0.20194814298852465,117
20,2020-01-21,0.17438942273442262,0.6645467608633803,0.16106382123941318,133
21,2020-01-22,0.13983673729856638,0.6392542788374752,0.22090898140414916,229
22,2020-01-23,0.1497711179962213,0.6646659114877507,0.18556296783694268,204
23,2020-01-24,0.1692650552454958,0.6745608608865717,0.15617408133049288,155
24,2020-01-25,0.15353004314001575,0.6195885164149301,0.22688143651711365,100
25,2020-01-26,0.1200516391701713,0.7011660112721778,0.1787823453998394,95
26,2020-01-27,0.16317643308568772,0.6899837940234684,0.14683976815122632,93
27,2020-01-28,0.12506465698506378,0.6814555371721642,0.19347981315709406,95
28,2020-01-29,0.14919389384212023,0.6967659045659954,0.15404019991911644,305
29,2020-01-30,0.14495818248403652,0.6840686950739111,0.17097312482519544,317
30,2020-01-31,0.1257810358326803,0.6115289010188031,0.2626900617000033,153
31,2020-02-01,0.14036068611965927,0.6483181855068796,0.2113211272475915,96
32,2020-02-02,0.15329648460364723,0.671210952192102,0.1754925613730382,130
33,2020-02-03,0.1774629460722988,0.6483707996371335,0.1741662524266681,331
34,2020-02-04,0.15977010638809566,0.6703547838377574,0.16987510848653464,478
35,2020-02-05,0.16587350326343758,0.6442784458468732,0.1898480531795336,403
36,2020-02-06,0.1905649520914652,0.6067254843832078,0.2027095624141211,445
37,2020-02-07,0.13969532984309507,0.6961461192336209,0.16415855647354802,161
38,2020-02-08,0.13491708202256716,0.656869476789275,0.20821343640967468,125
39,2020-02-09,0.1331199452617467,0.6800067163428151,0.18687333784187135,111
40,2020-02-10,0.13646982772223243,0.6589026505476924,0.20462751691665373,154
41,2020-02-11,0.12672699264196235,0.6833320705906711,0.18994093894671113,120
42,2020-02-12,0.10025335430020996,0.6550482718612456,0.24469837660204302,151
43,2020-02-13,0.13168417375032024,0.6729764278462433,0.19533940003808056,205
44,2020-02-14,0.1607867907588378,0.6803451668043295,0.15886803837407779,143
45,2020-02-15,0.1451209436801967,0.6740696252977628,0.1808094306950214,129
46,2020-02-16,0.1347988964516943,0.6697268986485005,0.19547420938168522,131
47,2020-02-17,0.1699317851382336,0.6453486369086489,0.18471957855413756,146
48,2020-02-18,0.1552626287520038,0.6271903471750818,0.21754703001541478,172
49,2020-02-19,0.15966410214011106,0.6590070410171589,0.18132886157181916,197
50,2020-02-20,0.15089487289620243,0.6635225205226605,0.18558260935756757,134
51,2020-02-21,0.17950615439812753,0.6594717763873966,0.16102207021391327,132
52,2020-02-22,0.14503120683416568,0.6384674975755846,0.21650129858046624,114
53,2020-02-23,0.13435983894489728,0.6725325322770304,0.19310763610339632,97
54,2020-02-24,0.161605591225879,0.6574377335895709,0.18095667566926693,110
55,2020-02-25,0.14940538946299925,0.6442042055919157,0.20639041137928502,138
56,2020-02-26,0.22791364944132575,0.6354244160699466,0.13666193181977118,127
57,2020-02-27,0.14740103588993583,0.6944201931562891,0.15817877402332328,107
58,2020-02-28,0.14350399347175005,0.663728950443096,0.19276705190745083,114
59,2020-02-29,0.10357062001836817,0.6241167723350209,0.27231261189802936,74
60,2020-03-01,0.1528818982227044,0.6690590702446378,0.17805903318749886,73
61,2020-03-02,0.18358937879488693,0.6390859309006824,0.17732468964948667,117
62,2020-03-03,0.14637409340561658,0.6670950687996917,0.18653083049168198,128
63,2020-03-04,0.153399107241775,0.6406324702783407,0.20596842303024943,114
64,2020-03-05,0.13429639979933028,0.6674349144085382,0.19826868615617577,133
65,2020-03-06,0.16729897841570762,0.6643214876738796,0.16837953606357803,111
66,2020-03-07,0.1500255081024704,0.6087458708684456,0.24122861941277027,103
67,2020-03-08,0.15437322996803365,0.6334892843641673,0.21213748991867154,71
68,2020-03-09,0.2232337378223743,0.5861647509155022,0.19060151261804958,89
69,2020-03-10,0.14643095508939322,0.6367354654654547,0.2168335774328329,119
70,2020-03-11,0.13104060333020143,0.6462055584484754,0.2227538385223931,155
71,2020-03-12,0.17867441479300525,0.6334411739282954,0.18788441135628225,101
72,2020-03-13,0.12075284504010066,0.6814382213171187,0.19780893088354232,75
73,2020-03-14,0.12923596688362246,0.6011367217408515,0.26962731699026177,67
74,2020-03-15,0.1761951065065274,0.6256490876737831,0.19815580009956077,69
75,2020-03-16,0.14791465280640112,0.7005628673875531,0.1515224793547511,96
76,2020-03-17,0.15194638707654234,0.6760432947049207,0.17201031696944719,100
77,2020-03-18,0.18568130833833912,0.6651699532976679,0.14914874463278394,138
78,2020-03-19,0.2188981564480378,0.6356404407802722,0.14546140668309088,134
79,2020-03-20,0.1441129999555488,0.6796504638384913,0.1762365417244011,102
80,2020-03-21,0.17331138326970452,0.6652883360725655,0.16140027810561722,65
81,2020-03-22,0.1384317305598582,0.6309882840460097,0.23057999378807198,60
82,2020-03-23,0.13634024687286958,0.6468563283344263,0.2168034314160531,64
83,2020-03-24,0.14676807735970204,0.6945860727731729,0.1586458564570018,86
84,2020-03-25,0.15413266030102193,0.6663278011313705,0.17953953110118756,79
85,2020-03-26,0.1826719564349786,0.6544344018377997,0.1628936403755915,77
86,2020-03-27,0.17838505775836994,0.6812310670004748,0.1403838763649612,85
87,2020-03-28,0.1665983717997157,0.6343215527350279,0.19908007978182612,72
88,2020-03-29,0.12272671141157089,0.6862460074064549,0.19102727512033948,51
89,2020-03-30,0.14880341389301988,0.6731576927595039,0.17803889373244602,65
90,2020-03-31,0.15316764512831632,0.6432520403241911,0.2035803204424391,79
91,2020-04-01,0.15112683821251532,0.6738753258059849,0.17499783749832296,104
92,2020-04-02,0.16758658321932665,0.6426992076021412,0.1897142024989032,141
93,2020-04-03,0.12020241541856551,0.6244796392250809,0.25531794531908375,87
94,2020-04-04,0.107137140765959,0.6692741578486777,0.22358869703017029,58
95,2020-04-05,0.19074619762437453,0.624508645158464,0.1847451570525032,58
96,2020-04-06,0.12900864599514625,0.5805775646908906,0.2904137982676601,87
97,2020-04-07,0.0911625148961948,0.7124679568404175,0.19636952244235809,63
98,2020-04-08,0.1272789644875006,0.6914433539550968,0.18127768178196801,104
99,2020-04-09,0.16250631740228128,0.6724684021047029,0.16502527708002904,80
100,2020-04-10,0.15570923920079102,0.6782708872346646,0.1660198646024496,60
101,2020-04-11,0.10928048046256812,0.6730656265893639,0.21765390074444765,64
102,2020-04-12,0.14901940423317125,0.6201945994469532,0.23078600073400282,50
103,2020-04-13,0.14235586877477233,0.6795970807876842,0.17804705151164513,71
104,2020-04-14,0.12786668575305968,0.6342211178252039,0.23791219072403821,90
105,2020-04-15,0.14088609249215714,0.6674211867488524,0.19169272002423565,92
106,2020-04-16,0.1520220442337617,0.6486964749122741,0.19928147427885545,101
107,2020-04-17,0.15917213027596627,0.6727088703684635,0.16811900197349555,105
108,2020-04-18,0.10627079729299033,0.6684785619820554,0.22525064330425712,62
109,2020-04-19,0.16587467151537408,0.6754080039590021,0.15871732823622767,71
110,2020-04-20,0.14140180679567022,0.6734400232038323,0.18515817491509573,110
111,2020-04-21,0.1315690598113859,0.6566750065129215,0.21175593205505125,82
112,2020-04-22,0.12680360609231203,0.7357498832126298,0.1374465106460724,74
113,2020-04-23,0.11167507091974478,0.6297557629498337,0.25856915827061683,94
114,2020-04-24,0.12953129393140184,0.6704745735158544,0.1999941365949969,107
115,2020-04-25,0.16330275770791486,0.6672058734967277,0.16949136913397286,67
116,2020-04-26,0.16154438298496748,0.6632764128934988,0.17517920286756838,62
117,2020-04-27,0.14411815524162572,0.6581192444573534,0.19776260348041022,95
118,2020-04-28,0.1307056052282813,0.6770806862361044,0.19221370247979233,96
119,2020-04-29,0.17044561642650458,0.6380496786116894,0.19150470754640975,274
120,2020-04-30,0.2573005298461701,0.575748745279331,0.16695072655172866,204
121,2020-05-01,0.20725509630008798,0.639779516830293,0.15296538708771903,296
122,2020-05-02,0.19271372235659887,0.6311997336496077,0.1760865414228867,164
123,2020-05-03,0.17354616662476915,0.6577342383374474,0.16871960131463953,108
124,2020-05-04,0.17584546091409106,0.6793214995306464,0.14483303549486984,100
125,2020-05-05,0.0994015958310976,0.6693965339797026,0.23120186088682784,93
126,2020-05-06,0.15021669390196862,0.6515953541556683,0.19818794624106814,102
127,2020-05-07,0.13538661665353635,0.6525818986908609,0.21203148002462352,105
128,2020-05-08,0.10561457079586252,0.6940987542412436,0.2002866768732265,121
129,2020-05-09,0.17753211244138475,0.6496075113248979,0.17286037226843706,223
130,2020-05-10,0.21466483951569876,0.6007492108573795,0.18458594964941516,301
131,2020-05-11,0.22020398738731795,0.6180159348197701,0.16178007799134533,379
132,2020-05-12,0.23095082910835807,0.6126264605446501,0.1564227133244883,350
133,2020-05-13,0.164734020622366,0.6524260836229918,0.1828398990891782,207
134,2020-05-14,0.15944367655478253,0.7055082925902553,0.13504802958072815,137
135,2020-05-15,0.15017884372299964,0.6480785959757397,0.20174255513631179,98
136,2020-05-16,0.13166443270674275,0.637600794824236,0.23073477460648123,116
137,2020-05-17,0.1759738326259582,0.6221711292255957,0.20185503837159205,100
138,2020-05-18,0.17704188153632977,0.6720217409775175,0.15093638362106582,102
139,2020-05-19,0.1260894461610487,0.6576029671859628,0.21630759609422062,123
140,2020-05-20,0.1495995223966147,0.6859444066607774,0.16445606951191183,92
141,2020-05-21,0.1080275360951419,0.6574168524758018,0.2345556094932986,85
142,2020-05-22,0.12805978038109078,0.7070601035696693,0.1648801224762904,78
143,2020-05-23,0.12730163378185944,0.6472549083498363,0.22544345580294678,89
144,2020-05-24,0.1930469270443052,0.5656400004389236,0.24131307044163358,50
145,2020-05-25,0.16873285509659902,0.6347112041380445,0.19655594557364797,65
146,2020-05-26,0.12367850461507778,0.6824286028878501,0.1938928845683741,70
147,2020-05-27,0.13545992037015075,0.6398279744554893,0.22471210491601865,238
148,2020-05-28,0.11271360512518402,0.6459142113067727,0.24137219135022678,82
149,2020-05-29,0.11007004176884116,0.6229164259633861,0.2670135267634376,92
150,2020-05-30,0.12357620807495867,0.5823836814276986,0.2940401134366786,217
151,2020-05-31,0.15868202072428217,0.6438054966905018,0.19751248588433531,97
152,2020-06-01,0.12963900286255245,0.6406270317039993,0.22973397045716848,89
153,2020-06-02,0.14864051555433386,0.6639675610946555,0.18739193029580922,59
154,2020-06-03,0.10748272234890999,0.6876628208588883,0.20485445421765042,96
155,2020-06-04,0.1304981276855807,0.7105424957141441,0.15895938328599937,160
156,2020-06-05,0.13328299956140816,0.6719206470703645,0.19479635846901297,142
157,2020-06-06,0.18644878284685787,0.663741661793525,0.14980955097487272,97
158,2020-06-07,0.11327427049118434,0.6785067250702259,0.20821900422020487,68
159,2020-06-08,0.11495246941411257,0.6959359879787542,0.189111545302248,89
160,2020-06-09,0.16665389695361582,0.6649175020644842,0.1684286044569781,99
161,2020-06-10,0.12337805916950254,0.6392475566110329,0.2373743811595981,205
162,2020-06-11,0.12249747823956725,0.6822562468852853,0.19524627171918638,140
163,2020-06-12,0.16429618276878138,0.6656056256881745,0.1700981917188325,96
164,2020-06-13,0.15204402706703485,0.6204870895904565,0.22746887822287729,73
165,2020-06-14,0.1069149787862827,0.6631201839953473,0.22996483695890363,66
166,2020-06-15,0.11719985513267454,0.6811769510403903,0.20162319596306752,93
167,2020-06-16,0.15540596263278067,0.6595189957078702,0.18507504985064827,133
168,2020-06-17,0.15283009248757018,0.6705307557753704,0.17663915140393333,115
169,2020-06-18,0.1944922342305956,0.6693444693294199,0.13616329963493762,94
170,2020-06-19,0.1666999694308,0.6631745839563101,0.17012543806892994,99
171,2020-06-20,0.1487179991394099,0.6063623708854973,0.24491963033703898,75
172,2020-06-21,0.1272806671379721,0.6656443075310481,0.20707501554759672,81
173,2020-06-22,0.11907401397538533,0.6742200244603569,0.20670596587675896,123
174,2020-06-23,0.15417231462843906,0.690631306055788,0.15519638051437587,106
175,2020-06-24,0.18605981932058158,0.6679465479339617,0.14599363257636264,112
176,2020-06-25,0.13026508543162754,0.6281680016060879,0.2415669096830977,106
177,2020-06-26,0.15673609527958154,0.6533857835884498,0.18987812679712676,116
178,2020-06-27,0.13930431888674297,0.6507338459306534,0.20996183365597745,101
179,2020-06-28,0.09775148094661304,0.6000025101593552,0.3022460089514762,165
180,2020-06-29,0.1589837793411662,0.627649940831342,0.2133662811911544,104
181,2020-06-30,0.1348743500683974,0.6255398361457583,0.23958581213882404,152
182,2020-07-01,0.13695309492121155,0.6459116488042871,0.2171352532529684,220
183,2020-07-02,0.1485356625618984,0.6227501807762831,0.22871415147617383,281
184,2020-07-03,0.14813955839179735,0.620374414820957,0.2314860278307294,132
185,2020-07-04,0.18841300481437182,0.6183144643694454,0.19327253403175088,115
186,2020-07-05,0.1487482486593522,0.6052661453042839,0.2459856022350722,136
187,2020-07-06,0.1606440147609116,0.6335946652493443,0.20576132115078716,202
188,2020-07-07,0.1412817839520733,0.6632434316697698,0.19547478938430238,182
189,2020-07-08,0.13397468471733343,0.6838371279854889,0.1821881898690985,158
190,2020-07-09,0.14617013414143148,0.6992069849347602,0.15462287735537353,133
191,2020-07-10,0.14109017384499908,0.6276424663251817,0.23126736035688322,246
192,2020-07-11,0.14275163858937223,0.6656626427343804,0.19158571237001834,172
193,2020-07-12,0.1531949726912291,0.6785809805385836,0.16822404771450575,154
194,2020-07-13,0.15130266309350698,0.677406535553339,0.1712907989346442,373
195,2020-07-14,0.08035092526802345,0.6743665608222277,0.24528251529053682,490
196,2020-07-15,0.13083346403668222,0.6666871300520487,0.20247940212503182,290
197,2020-07-16,0.15257859289553938,0.6890704446781323,0.1583509604998339,159
198,2020-07-17,0.12817044531137756,0.64470591806517,0.22712363025929608,133
199,2020-07-18,0.13658601957319613,0.6914579965672643,0.17195598568857337,124
200,2020-07-19,0.14735256490728876,0.6473250489012803,0.2053223865290955,105
201,2020-07-20,0.15830324233361015,0.6681919299199193,0.1735048274558632,164
202,2020-07-21,0.11490595405116337,0.6853032283690922,0.19979081821728653,181
203,2020-07-22,0.14066675138103535,0.6519438786256564,0.20738936718110798,405
204,2020-07-23,0.16286932288659098,0.6442029508995902,0.19292772384778617,306
205,2020-07-24,0.1547513318868467,0.6441064244607234,0.20114224341321088,241
206,2020-07-25,0.17298104017716867,0.634268047265206,0.19275091553336438,178
207,2020-07-26,0.14908259570916252,0.6463362208272837,0.2045811757688994,132
208,2020-07-27,0.17324176773650526,0.6539049773503267,0.17285326073935148,149
209,2020-07-28,0.17650791790968257,0.6319309797985369,0.19156109332874666,170
210,2020-07-29,0.14935340047547643,0.6657693184690858,0.18487728215147198,123
211,2020-07-30,0.15479385535384316,0.6550165584312964,0.1901895816289532,102
212,2020-07-31,0.13877738295821118,0.6504879483624197,0.2107346794977483,102
213,2020-08-01,0.1383650309193252,0.674196010862712,0.1874389619702053,113
214,2020-08-02,0.09209918755875184,0.6517908876517895,0.2561099192668133,120
215,2020-08-03,0.12010277294939567,0.7191893071030202,0.160707926996735,85
216,2020-08-04,0.1240987281806452,0.6563400024343812,0.21956126340915982,91
217,2020-08-05,0.15355065180155716,0.6752009071276376,0.17124844404390602,89
218,2020-08-06,0.14928558054705912,0.6139403039625058,0.2367741162179648,110
219,2020-08-07,0.14500309343649742,0.6118386884053019,0.24315821623918715,110
220,2020-08-08,0.1301760318168936,0.6229374812601014,0.24688648516799128,87
221,2020-08-09,0.12863419978322554,0.615040155693643,0.2563256408712337,102
222,2020-08-10,0.12821218721558839,0.6927287225089197,0.179059097840192,121
223,2020-08-11,0.1513644660717806,0.6715040820823021,0.17713145140792125,148
224,2020-08-12,0.16967863501680633,0.6482411396974073,0.18208022576214927,208
225,2020-08-13,0.13611906524862413,0.6874431204374378,0.17643781871501563,168
226,2020-08-14,0.12346803465121334,0.6751664708669741,0.20136549889297803,124
227,2020-08-15,0.11358074785459282,0.6501269147653203,0.23629234515416764,88
228,2020-08-16,0.1423510708355982,0.6168481524081679,0.24080077584572238,120
229,2020-08-17,0.11930830398693965,0.70298799227184,0.17770369990344007,293
230,2020-08-18,0.1292745188185447,0.6790520247826807,0.19167345157861737,348
231,2020-08-19,0.15680125908217496,0.6666788892775243,0.17651984932845613,234
232,2020-08-20,0.1418962877200151,0.660700608165149,0.19740310981881656,301
233,2020-08-21,0.13533431409481372,0.6832378109955621,0.1814278713361719,297
234,2020-08-22,0.11528434591116735,0.6671836840154167,0.21753196369341968,133
235,2020-08-23,0.1289333833856767,0.6428389548655027,0.22822766351071747,108
236,2020-08-24,0.1460563004583475,0.6723341763293323,0.18160952208625092,166
237,2020-08-25,0.12734280128097097,0.6932307171224149,0.17942648242553372,169
238,2020-08-26,0.13887822423953197,0.6587270970946125,0.20239467767097416,198
239,2020-08-27,0.13522292041285855,0.6807242924373631,0.18405278954388066,195
240,2020-08-28,0.1379145050546361,0.6704806212783931,0.19160487170970208,214
241,2020-08-29,0.17270702716121963,0.6355411385906383,0.1917518308629665,166
242,2020-08-30,0.14610223344780648,0.655540586341992,0.19835717961827526,112
243,2020-08-31,0.14223769328662303,0.6595074289203352,0.19825487545212486,393
244,2020-09-01,0.1484009949038594,0.6615609587497165,0.1900380438649803,291
245,2020-09-02,0.14387773722659689,0.6836615504580532,0.1724607134855158,212
246,2020-09-03,0.17742240842844273,0.634721738303896,0.1878558502562233,232
247,2020-09-04,0.1703415883431132,0.6287309251788028,0.20092748510244857,219
248,2020-09-05,0.1419082495717052,0.688396055624119,0.16969570000220485,132
249,2020-09-06,0.20512539210852687,0.6293918613138793,0.16548273817315576,86
250,2020-09-07,0.1720280302190989,0.6466464504486762,0.18132551689394794,137
251,2020-09-08,0.2064823124297682,0.6184287953950903,0.17508889356287274,281
252,2020-09-09,0.16871160090949577,0.6344398425673498,0.19684856305599324,219
253,2020-09-10,0.15852048397745663,0.6575036710257367,0.18397584494235736,217
254,2020-09-11,0.15666215288054217,0.6786673316993828,0.1646705153602191,180
255,2020-09-12,0.1503787113239056,0.640393537254202,0.209227746939044,125
256,2020-09-13,0.14631968376224172,0.6398012445187459,0.21387907205248502,110
257,2020-09-14,0.13471466002034732,0.6366679774334564,0.22861736281301043,160
258,2020-09-15,0.1577614468942001,0.6525489385044893,0.18968961220036698,171
259,2020-09-16,0.18085162062649793,0.673704303014994,0.145444070156325,135
260,2020-09-17,0.16755728075759765,0.6433764870143153,0.18906623485852303,166
261,2020-09-18,0.11960760700409231,0.6666926240094946,0.21369976347820288,163
262,2020-09-19,0.1521359505652808,0.643600085199525,0.20426395391632643,92
263,2020-09-20,0.14855044117735985,0.6602766480653346,0.1911729169429558,112
264,2020-09-21,0.12974895385344726,0.6763264695435811,0.19392457704158272,234
265,2020-09-22,0.1439448684616564,0.6720393502422765,0.18401578030255009,491
266,2020-09-23,0.16303219290185328,0.6533359851950021,0.18363182197410266,471
267,2020-09-24,0.15568759552474365,0.6705246569558132,0.17378774586161622,272
268,2020-09-25,0.14526661727214155,0.6787897857302128,0.17594359116281427,189
269,2020-09-26,0.14715601108267623,0.6512514477931489,0.20159254458021394,150
270,2020-09-27,0.16253198108158798,0.6434557464501166,0.19401227102924531,128
271,2020-09-28,0.1378332061019108,0.6825159839965278,0.17965080265519,153
272,2020-09-29,0.11664007200181115,0.7039603369295079,0.17939958779762658,134
273,2020-09-30,0.17900183291847774,0.658596301812215,0.16240186658244563,117
274,2020-10-01,0.15873491740220447,0.6860035930416053,0.15526148228487996,142
275,2020-10-02,0.13750645999218075,0.6519974951281845,0.21049604280042913,196
276,2020-10-03,0.14064438440543678,0.672369959567106,0.18698565399657632,104
277,2020-10-04,0.1244523305835009,0.6572548005862483,0.21829287094682812,89
278,2020-10-05,0.1189228413535717,0.6770228543430815,0.2040543034233181,117
279,2020-10-06,0.11794220264881324,0.6766579698976074,0.20539982534854276,137
280,2020-10-07,0.1761582211272758,0.6504745093307063,0.17336726610528275,136
281,2020-10-08,0.10381553264908512,0.6979348302369726,0.19824963249482694,123
282,2020-10-09,0.15419702423897647,0.6459238496891528,0.1998791245492736,112
283,2020-10-10,0.11412760553543339,0.6292627618993183,0.25660962503214063,97
284,2020-10-11,0.1161054734493526,0.6645867886895358,0.21930772748275287,88
285,2020-10-12,0.12377583264807544,0.6776680596689549,0.1985561117668988,84
286,2020-10-13,0.1608516741128656,0.6654793090443383,0.17366902286156846,113
287,2020-10-14,0.14766833260462672,0.6753990787392612,0.17693258869657277,143
288,2020-10-15,0.17357313349736658,0.641141871570842,0.18528499877051377,122
289,2020-10-16,0.12560642493362578,0.6952108116294667,0.17918276184739312,157
290,2020-10-17,0.13619299773487986,0.646624188562754,0.21718280970695414,120
291,2020-10-18,0.12411544346413927,0.6108074111427012,0.2650771461954191,106
292,2020-10-19,0.1855395426922651,0.6515634602815645,0.1628969933635101,116
293,2020-10-20,0.12851754296811796,0.7099719017997578,0.16151056186998347,113
294,2020-10-21,0.14502249051556615,0.6605556736960426,0.19442183113405453,268
295,2020-10-22,0.14449008817817965,0.6759110441792616,0.1795988615691176,232
296,2020-10-23,0.11767793028284214,0.6329680713106414,0.24935399841229003,180
297,2020-10-24,0.17288911364538306,0.6293462373888261,0.19776464483139125,127
298,2020-10-25,0.14438372008302838,0.663871348678188,0.19174492401637186,133
299,2020-10-26,0.14720055310194147,0.6559362563333128,0.1968631893269077,128
300,2020-10-28,0.14616126624756812,0.6350642219131198,0.21877451357003114,108
301,2020-10-29,0.17626262906410356,0.6604835517712203,0.16325380650601984,129
302,2020-10-30,0.15275278582778065,0.667242899306925,0.18000430972763404,112
303,2020-10-31,0.11854807943481822,0.6822755842695222,0.1991763348481306,74
304,2020-11-01,0.1515670017111644,0.641963178701384,0.2064698207059493,86
305,2020-11-02,0.14018509379464408,0.6167662700976282,0.2430486330561295,94
306,2020-11-03,0.09946117978998861,0.649363422295395,0.25117540205301575,87
307,2020-11-04,0.15025878682780205,0.6233834643935267,0.22635775087237767,73
308,2020-11-05,0.1673306762610871,0.6492971574666712,0.18337216553043467,91
309,2020-11-06,0.1406354279097869,0.6333751924264879,0.22598939214077357,108
310,2020-11-07,0.14044930494092595,0.7004138906745391,0.15913679322381605,79
311,2020-11-08,0.11416036174876198,0.6612238144318291,0.22461582305617397,55
312,2020-11-09,0.14468734951289405,0.6446549940493916,0.2106576547010296,112
313,2020-11-10,0.11694392806527852,0.6658737956655992,0.21718228800467876,78
314,2020-11-11,0.14102543596266767,0.6316066660452504,0.22736790202070103,81
315,2020-11-12,0.13940118137135082,0.678100088917466,0.18249872704199535,82
316,2020-11-13,0.15970022854887422,0.6712897257564527,0.16901005004316877,101
317,2020-11-14,0.2138343814938838,0.6599521916012558,0.12621342771482338,97
318,2020-11-15,0.1394987123092644,0.7025901643710226,0.15791111409952893,71
319,2020-11-16,0.13190598197888587,0.6375692004391577,0.23052481346195453,163
320,2020-11-17,0.11156754266623216,0.6746084441438621,0.21382401806690737,236
321,2020-11-18,0.10005574060497549,0.6529199780827849,0.24702427706936927,216
322,2020-11-19,0.14683076576594267,0.6089076879497081,0.2442615465480502,142
323,2020-11-20,0.13883009810433636,0.6579845431778747,0.2031853603554356,114
324,2020-11-21,0.1267485143088392,0.6066416143924556,0.26660986137096826,69
325,2020-11-22,0.14137150326115402,0.6865755525235226,0.17205294607683683,88
326,2020-11-23,0.14349815434592697,0.6393100218777399,0.21719182688922506,137
327,2020-11-24,0.11505304257793156,0.658915910572981,0.22603104454323908,256
328,2020-11-25,0.1365342387733627,0.5928599292717486,0.27060583361420704,167
329,2020-11-26,0.11908835012132729,0.6128357149956498,0.2680759350314868,124
330,2020-11-27,0.1442594962147342,0.6362087601116614,0.21953174331023598,130
331,2020-11-28,0.13195262629598195,0.674171991867887,0.1938753826382207,117
332,2020-11-29,0.12787699673795164,0.6635812768141285,0.20854172535070772,113
333,2020-11-30,0.1664236866998027,0.6720115114808528,0.16156479309250243,117
334,2020-12-01,0.13181831064178523,0.6747341929668128,0.19344749375793333,145
335,2020-12-02,0.13819939354186828,0.6862728207521767,0.17552778348491732,139
336,2020-12-03,0.1412971487932938,0.67921779263912,0.1794850631518697,111
337,2020-12-04,0.1711560710595341,0.6807621132590681,0.14808181153008923,131
338,2020-12-05,0.12723800108184521,0.6528591172097011,0.21990287900622546,77
339,2020-12-06,0.15132961898781883,0.6862470776033495,0.16242330065860228,85
340,2020-12-07,0.12998749032340434,0.6339506713879738,0.23606184144512635,159
341,2020-12-08,0.11817325778473002,0.670377627805863,0.21144911730196575,216
342,2020-12-09,0.16278937111350547,0.637573736409053,0.19963688958647582,174
343,2020-12-10,0.15152544358192516,0.6644335041427739,0.18404105770136936,174
344,2020-12-11,0.13376412768763501,0.7382945685861283,0.12794130491358385,123
345,2020-12-12,0.12185971704132835,0.678220394739872,0.19991988885273954,108
346,2020-12-13,0.11818886860317665,0.7271513781665574,0.1546597485409585,119
347,2020-12-14,0.12484112297236998,0.6607833434433251,0.21437553501636183,147
348,2020-12-15,0.14305923951526278,0.6692170823073659,0.18772368710635545,124
349,2020-12-16,0.13790599071444518,0.6722319513962526,0.18986205795378638,124
350,2020-12-17,0.12791807946479314,0.678597971829668,0.19348395621900483,133
351,2020-12-18,0.14371863735497015,0.6742318471568032,0.18204951989173834,218
352,2020-12-19,0.16808776374692902,0.6098426886836423,0.22206955034464318,156
353,2020-12-20,0.1282146782171976,0.6451976457270451,0.2265876784090014,261
354,2020-12-21,0.13474338745712927,0.6241842774562486,0.24107233827202174,272
355,2020-12-22,0.15002830859085486,0.6624024127068626,0.18756927375564733,221
356,2020-12-23,0.14555892292356828,0.6794026708197286,0.1750384087963734,226
357,2020-12-24,0.12534157314322153,0.6422321997768109,0.232426228742164,146
358,2020-12-25,0.10847127195660604,0.6129514221460872,0.27857730557765337,133
359,2020-12-26,0.14098167591347152,0.6162645223866752,0.24275380106042918,169
360,2020-12-27,0.1401100071840844,0.6770957803577883,0.1827942104143243,154
361,2020-12-28,0.13319063848097726,0.6769258690597839,0.18988349451118017,276
362,2020-12-29,0.13432246005302118,0.7056774130227556,0.16000013104104194,223
363,2020-12-30,0.11974133937243052,0.6497158095872582,0.23054285376151185,263
364,2020-12-31,0.1325915499869844,0.6241857605333887,0.24322268838916503,242
365,2021-01-01,0.12617239617846765,0.6478011559874858,0.22602644563454333,181
366,2021-01-02,0.14968810818563125,0.6245297388151845,0.22578215671739504,315
367,2021-01-03,0.10834848307845298,0.6797558324005231,0.2118956806576931,263
368,2021-01-04,0.13135640584328515,0.6644745215926247,0.20416907803761705,250
369,2021-01-05,0.14817529333001572,0.6654073958206638,0.1864173081656537,190
370,2021-01-06,0.13897299194068743,0.6718658037269682,0.18916120549184018,248
371,2021-01-07,0.12248827495848735,0.5835887747304156,0.29392294846068595,475
372,2021-01-08,0.13659759922106426,0.6518387730140618,0.21156363205002066,475
373,2021-01-09,0.11994167817200677,0.6342378849467897,0.24582043671331322,408
374,2021-01-10,0.14443094484518892,0.6487941507047941,0.2067749029062491,295
375,2021-01-11,0.13949838905756673,0.6686133960121027,0.1918882152788558,339
376,2021-01-12,0.12306723632668849,0.6835863066447025,0.19334645805074552,465
377,2021-01-13,0.11228787550063046,0.6909118382412097,0.1968002859659112,471
378,2021-01-14,0.1457188721460154,0.6651628550307119,0.18911827099118328,283
379,2021-01-15,0.14518014363536638,0.6845637252870114,0.17025613091485287,251
380,2021-01-16,0.16748642905635933,0.6539206554905581,0.1785929194445477,150
381,2021-01-17,0.14511745530020437,0.6504066532356849,0.20447589332959895,165
382,2021-01-18,0.12636329387099987,0.6917409264971274,0.18189578255053923,198
383,2021-01-19,0.12106584830838507,0.6648783167410636,0.21405583597907926,169
384,2021-01-20,0.11817475821213679,0.6691049387474978,0.21272030547777215,175
385,2021-01-21,0.1578348773450404,0.6563501435856498,0.18581497573968367,196
386,2021-01-22,0.13533169198601971,0.6426124479933382,0.22205585744499323,178
387,2021-01-23,0.16324158245969134,0.6360211577435576,0.20073726177160942,181
388,2021-01-24,0.14877746469498918,0.6879983522081806,0.1632241802759844,156
389,2021-01-25,0.11051733269744483,0.6878143386750195,0.20166833218259056,198
390,2021-01-26,0.11283888438054875,0.674470805548084,0.2126903048891866,234
391,2021-01-27,0.148679324199206,0.6601209935228984,0.19119968554377909,385
392,2021-01-28,0.16886396206538468,0.6510514543162276,0.18008458263341917,460
393,2021-01-29,0.13068784665028127,0.6693663018798565,0.19994585243750687,479
394,2021-01-30,0.1199185406337529,0.6680504958841365,0.21203096392931842,352
395,2021-01-31,0.13275150430800403,0.6774297346069545,0.1898187652999141,225
396,2021-02-01,0.1152277243619629,0.6967765022861864,0.18799578058619645,399
397,2021-02-02,0.13729803638633153,0.6758290155218973,0.18687294710502356,286
398,2021-02-03,0.1610154692901548,0.6426313799427787,0.19635315536208786,232
399,2021-02-04,0.12028174386337645,0.647969803261283,0.23174844981845497,442
400,2021-02-05,0.13275342300851303,0.6622159811258146,0.20503059251396893,307
401,2021-02-06,0.15185094594088652,0.6534292707885712,0.19471978267340131,408
402,2021-02-07,0.12935521786640272,0.6557271005281947,0.21491767843526816,419
403,2021-02-08,0.12635327926660556,0.6742639065207855,0.19938281483254947,477
404,2021-02-09,0.1393615793694695,0.6674722515073597,0.19316616520892088,466
405,2021-02-10,0.14490773629783765,0.6850207959350866,0.17007146656850358,475
406,2021-02-11,0.12238174092790242,0.6870626953693164,0.19055556091505801,448
407,2021-02-12,0.13759668452965235,0.6779624756231185,0.1844408357949766,427
408,2021-02-13,0.14646736493500714,0.6721935160760054,0.1813391211474416,340
409,2021-02-14,0.1408779503887638,0.6974310676881441,0.1616909847957082,313
410,2021-02-15,0.13005266014038483,0.6933946523605182,0.17655268651204176,316
411,2021-02-16,0.13625180876590226,0.6400847438448478,0.22366344455101436,383
412,2021-02-17,0.12498609213829366,0.6717441147200442,0.20326978865030673,371
413,2021-02-18,0.13201928758480774,0.6985316437622102,0.16944906651654917,368
414,2021-02-19,0.12379042194572527,0.6818754388408471,0.19433413432456143,349
415,2021-02-20,0.12847250276953256,0.668131164587809,0.20339633013231384,316
416,2021-02-21,0.13508030789263495,0.6817967260396394,0.1831229668553942,284
417,2021-02-22,0.14526186507355274,0.6883866770118648,0.16635145771429477,362
418,2021-02-23,0.16871215886588112,0.6617731367223579,0.16951470162288104,446
419,2021-02-24,0.1379360973982525,0.6981921122403197,0.1638717963568863,378
420,2021-02-25,0.15087619258891544,0.666896814591854,0.182227000592267,368
421,2021-02-26,0.1889270978431046,0.6549838434602583,0.15608905865057796,261
422,2021-02-27,0.2120650558150273,0.6565401754965292,0.13139477844654532,333
423,2021-02-28,0.18035612622047675,0.6560024256577011,0.1636414535281733,404
424,2021-03-01,0.15436461012127503,0.6375150195198339,0.2081203737049597,322
425,2021-03-02,0.13968143943479167,0.6975545790232885,0.16276398259955188,288
426,2021-03-03,0.13936589266209545,0.6423008322571158,0.2183332783063905,263
427,2021-03-04,0.16683797673902728,0.679725985052199,0.15343603673065517,266
428,2021-03-05,0.1559110540979443,0.6436655029735893,0.20042343876853416,386
429,2021-03-06,0.14804429697302862,0.6651777681797183,0.18677792695522655,275
430,2021-03-07,0.12528993460072738,0.6813952087750439,0.19331485846687138,215
431,2021-03-08,0.15402803949134025,0.6722014784078792,0.17377048012648433,262
432,2021-03-09,0.15370214827101958,0.6581287474627534,0.18816910478909335,300
433,2021-03-10,0.13821540657664808,0.6682180798507628,0.19356651729155855,271
434,2021-03-11,0.15456449203853545,0.6935310811278537,0.15190443479555688,129
435,2021-03-12,0.15828649006285192,0.6470593833950333,0.19465412804956747,210
436,2021-03-13,0.13742037798138892,0.7056451994821928,0.15693442113711636,260
437,2021-03-14,0.12797378148167485,0.6630040261670678,0.20902219419175672,275
438,2021-03-15,0.12071698387858674,0.7061140519335533,0.17316896316053357,290
439,2021-03-16,0.14852625342534378,0.6875818245230625,0.1638919187576464,242
440,2021-03-17,0.14959985166182552,0.6746517158824779,0.1757484288322374,259
441,2021-03-18,0.15845900764759582,0.681470585297301,0.16007040058476693,232
442,2021-03-19,0.15695295122564826,0.681547291805825,0.16149975763517851,218
443,2021-03-20,0.15941551529285508,0.7025020898006793,0.13808239303520042,223
444,2021-03-21,0.15857838936757362,0.6445588561347068,0.1968627572877214,211
445,2021-03-22,0.13581713380349894,0.703474155902491,0.1607087055321022,264
446,2021-03-23,0.13232868052102942,0.6581703210954755,0.20950100238643465,303
447,2021-03-24,0.1466355213843735,0.658769399051932,0.19459507636926596,440
448,2021-03-25,0.14343578806538018,0.6759114049848427,0.18065280626713673,466
449,2021-03-26,0.1635959007896409,0.6697035146658259,0.1667005839659153,381
450,2021-03-27,0.13312856279461294,0.7014527007699909,0.16541873790817735,243
451,2021-03-28,0.14537738171399567,0.6684544304794496,0.18616819454332137,223
452,2021-03-29,0.11734613400518742,0.6928491385598277,0.18980472494932768,255
453,2021-03-30,0.13128853748880906,0.6932524739898068,0.1754589888289765,262
454,2021-03-31,0.14686316981677908,0.6361384811281259,0.2169983537084944,366
455,2021-04-01,0.15026760402620107,0.6619735333537778,0.1877588678149098,314
456,2021-04-02,0.15152738661384607,0.6118716207889092,0.2366009945391576,291
457,2021-04-03,0.12364906270486539,0.6996836130138789,0.17666732101273055,238
458,2021-04-04,0.19087844637103452,0.6434729963395696,0.16564855514156335,196
459,2021-04-05,0.16470703414898025,0.6702815671757388,0.1650113973022072,279
460,2021-04-06,0.1552472003027148,0.664001160315168,0.18075163605802866,214
461,2021-04-07,0.13890931662561404,0.6809348544238097,0.18015582845804967,256
462,2021-04-08,0.13815329921790748,0.6695878533963875,0.19225884846426558,260
463,2021-04-09,0.15042490606259074,0.6953589630278642,0.15421612970190654,274
464,2021-04-10,0.12456211238688497,0.6993777225293768,0.1760601673719822,184
465,2021-04-11,0.12191877939350299,0.7066153799584061,0.17146584160287284,185
466,2021-04-12,0.11217257378289529,0.7043651872347915,0.1834622379698081,249
467,2021-04-13,0.11904042346572095,0.6742026819555508,0.20675689294225819,299
468,2021-04-14,0.14988667660062635,0.6619529749174614,0.18816034891369873,297
469,2021-04-15,0.1398950987130817,0.6788489747268097,0.18125592352803827,277
470,2021-04-16,0.14018662552672181,0.6875701420334348,0.17224323018591722,444
471,2021-04-17,0.13501041055631902,0.6804822567967135,0.18450733391193652,266
472,2021-04-18,0.1772506241506371,0.6624670600701474,0.1602823159188234,259
473,2021-04-19,0.21095925517333924,0.6360645976975863,0.15297614335911974,552
474,2021-04-20,0.17885094461296758,0.6021453825314304,0.21900367581755809,483
475,2021-04-21,0.19052135653913932,0.6610648547395727,0.1484137852075142,343
476,2021-04-22,0.16033381636335559,0.6789589437734663,0.16070723496404798,381
477,2021-04-23,0.17102292678916642,0.6699962774397643,0.15898079721798636,434
478,2021-04-24,0.13466850064443883,0.6376145743519809,0.22771691957901458,386
479,2021-04-25,0.11689282565583634,0.7117175851128578,0.17138958538310722,316
480,2021-04-26,0.1461177421907112,0.6598269316258868,0.19405532782882753,473
481,2021-04-27,0.15965256833869254,0.6529308335039794,0.18741659888819293,445
482,2021-04-28,0.15773133483480012,0.6598400697489083,0.182428595986621,379
483,2021-04-29,0.13892235935798664,0.6363044944054999,0.2247731497177974,323
484,2021-04-30,0.16970694637801026,0.6006661169218719,0.22962693169653536,250
485,2021-05-01,0.13012045222313554,0.662784914203899,0.20709463234479505,207
486,2021-05-02,0.13046971446347633,0.6603616533043871,0.20916863861781224,220
487,2021-05-03,0.14963237660854156,0.673282952079983,0.1770846751652331,279
488,2021-05-04,0.15973668088708823,0.6570017707909842,0.1832615490630501,285
489,2021-05-05,0.14308952190325294,0.6660729125451862,0.19083756901328636,275
490,2021-05-06,0.14014571848874324,0.6455836085127794,0.2142706730624323,245
491,2021-05-07,0.08339018330125302,0.7580957763105887,0.15851404251821374,483
492,2021-05-08,0.13046856036814955,0.6966819696169272,0.1728494691301412,456
493,2021-05-09,0.2155518639871993,0.5563497417209241,0.22809840147485316,327
494,2021-05-10,0.22488009186485913,0.581942056360811,0.19317785163166126,337
495,2021-05-11,0.13867078386792067,0.6438180164571109,0.21751119808544292,458
496,2021-05-12,0.27264160781866464,0.5997413525396168,0.1276170364791185,255
497,2021-05-16,0.3012499158704477,0.5542927673075979,0.14445731807393367,87
498,2021-05-17,0.19077790805025993,0.6505421683831483,0.1586799214738295,481
499,2021-05-18,0.17616639693872846,0.6415675948797445,0.1822660051891464,458
500,2021-05-19,0.227381389134979,0.6027349674849567,0.16988364390774166,455
501,2021-05-20,0.13300511246124838,0.6147944592173445,0.25220042359400485,462
502,2021-05-21,0.14808306635940996,0.6484000343284481,0.20351690120042384,475
503,2021-05-22,0.150712941497974,0.6479322255829522,0.20135483403652782,427
504,2021-05-23,0.19725355226573937,0.6205986526208367,0.18214779424720676,470
505,2021-05-24,0.1473742911291999,0.6496378234815937,0.2029878807015188,441
506,2021-05-25,0.12050469193971679,0.703261148723274,0.17623415012658142,460
507,2021-05-26,0.131990128088223,0.6909487750930341,0.1770610951304108,304
508,2021-05-27,0.1591362845554707,0.661571539668384,0.17929217277054899,308
509,2021-05-28,0.123180801545606,0.6876009656717071,0.18921823134266447,277
510,2021-05-29,0.13637268619043424,0.6740929931514378,0.18953431873685075,262
511,2021-05-30,0.15932999182100593,0.6660442808725959,0.17462572115342906,219
512,2021-05-31,0.12436534148472088,0.6831222925459762,0.19251236557135692,220
513,2021-06-01,0.13458610717218894,0.6696435423982237,0.19577034995877707,311
514,2021-06-02,0.12777563939642275,0.6821024110339148,0.1901219431253448,384
515,2021-06-03,0.1465842191830128,0.7073471227722978,0.14606866057820067,402
516,2021-06-04,0.24332763417960518,0.5757042993624195,0.18096806617284333,382
517,2021-06-05,0.24734730393628682,0.5885441667500351,0.16410852570981221,450
518,2021-06-06,0.16422320263755336,0.6666593979817176,0.1691173959712499,369
519,2021-06-07,0.1439851442246792,0.6628969803926598,0.19311786764269562,479
520,2021-06-08,0.1720338928935959,0.6457424938937388,0.1822236048629425,332
521,2021-06-09,0.13620744341541857,0.6760070554607425,0.18778549470176975,385
522,2021-06-10,0.142536238095035,0.6675787604821652,0.18988499721619095,343
523,2021-06-11,0.13617852532764382,0.6333390872662075,0.23048238984589367,484
524,2021-06-12,0.13080601171708095,0.6511566199569221,0.21803735956829629,276
525,2021-06-13,0.16034522102528426,0.6570194550767404,0.18263531972569727,339
526,2021-06-14,0.10968080711148674,0.7235522018655118,0.16676697936792448,284
527,2021-06-15,0.14047516225232737,0.6684078029247439,0.19111702983871406,337
528,2021-06-16,0.13615661149843164,0.6606573944486926,0.2031859889344363,311
529,2021-06-17,0.1489221225913425,0.6315433847670429,0.2195344862083344,304
530,2021-06-18,0.13533569002733123,0.6674311320787519,0.19723317674625715,240
531,2021-06-19,0.14774619809293185,0.6298952804112837,0.22235852170677287,178
532,2021-06-20,0.1401208010635701,0.6812396111406266,0.1786395821260938,196
533,2021-06-21,0.1598451932957206,0.6603748631678084,0.17977994107023484,288
534,2021-06-22,0.15782138054973488,0.6897437275326876,0.152434885721558,270
535,2021-06-23,0.16693241248532498,0.6679662645730003,0.16510131555890956,315
536,2021-06-24,0.1314516089903679,0.6800157215989697,0.18853266385143871,366
537,2021-06-25,0.14752992517176486,0.665204857261409,0.18726521070749277,380
538,2021-06-26,0.1689603717168523,0.6863202183368251,0.1447194080405577,216
539,2021-06-27,0.14962494526427936,0.6498467342204481,0.2005283223910337,285
540,2021-06-28,0.1178825210731405,0.572739232190811,0.3093782459484268,472
541,2021-06-29,0.12221124636181133,0.6523155670505435,0.22547318264780317,357
542,2021-06-30,0.1652637194113594,0.6355960813428435,0.1991401937883738,268
543,2021-07-01,0.1323753610295904,0.6736747699321594,0.19394985905127962,331
544,2021-07-02,0.16620557135969227,0.6477628872584631,0.18603154108895043,410
545,2021-07-03,0.15405153725348053,0.6488821323244826,0.19706632613900266,295
546,2021-07-04,0.12690347440789282,0.6252225403949548,0.24787397748004933,256
547,2021-07-05,0.138153050166502,0.6396702265438718,0.22217672039748654,216
548,2021-07-06,0.1498949694602305,0.6501667608648963,0.1999382668950725,290
549,2021-07-07,0.16239707080824395,0.688874971120048,0.14872795495648244,273
550,2021-07-08,0.15368198531939098,0.6625285854749295,0.1837894272667754,302
551,2021-07-09,0.1662206273343551,0.6676979138862807,0.16608145734166518,310
552,2021-07-10,0.15235285588693312,0.6271133043640418,0.2205338378724573,270
553,2021-07-11,0.127661108844858,0.6493445266824931,0.22299435988216942,204
554,2021-07-12,0.14525175192226142,0.683665646865421,0.17108259799519696,283
555,2021-07-13,0.17660032631717565,0.680582918328259,0.14281675227734048,260
556,2021-07-14,0.18311003790962355,0.6636979165954091,0.15319204201537517,326
557,2021-07-15,0.1692955812103438,0.6485552745414461,0.18214914301421603,286
558,2021-07-16,0.1307262530059787,0.6750960764838004,0.1941776653932677,246
559,2021-07-17,0.14115601499133182,0.6781829551998025,0.18066102698172434,273
560,2021-07-18,0.1476162026794394,0.6760734603583844,0.17631033343032043,241
561,2021-07-19,0.15921729039473995,0.6602910467716769,0.1804916669924921,384
562,2021-07-20,0.1296030662763457,0.675884744543687,0.19451218723521774,322
563,2021-07-21,0.12322762366003928,0.6984551345079932,0.17831723557708784,448
564,2021-07-22,0.1260644446044877,0.7037429295184653,0.1701926267166753,299
565,2021-07-23,0.15798160771566486,0.6573332519884187,0.18468513414157445,290
566,2021-07-24,0.1417127137232691,0.6778440869038955,0.18044319466250847,303
567,2021-07-25,0.14791096978779178,0.6604172947140877,0.19167172976531363,296
568,2021-07-26,0.14249774993970243,0.6614287989821614,0.19607344665876933,476
569,2021-07-27,0.1483266019246162,0.6654762980382914,0.1861970949530841,433
570,2021-07-28,0.14331813372796223,0.682673132321906,0.17400873631394084,344
571,2021-07-29,0.16726216825107434,0.6566018491813445,0.17613598222280336,431
572,2021-07-30,0.159353195460654,0.6384758313230103,0.20217097079139407,311
573,2021-07-31,0.11540021670770695,0.7084632420377427,0.17613653996702802,223
574,2021-08-01,0.14050822797656284,0.6459095020733646,0.2135822628537592,207
575,2021-08-02,0.12109124965301464,0.6262630840417748,0.2526456623500782,304
576,2021-08-03,0.13366578047261343,0.698091725653259,0.1682424878202206,262
577,2021-08-04,0.14660352313572073,0.6700922184224778,0.18330425793979535,261
578,2021-08-05,0.20074794904129387,0.6561887677109894,0.14306328147746486,479
579,2021-08-06,0.19593000848687656,0.6391450840347119,0.16492490448376357,417
580,2021-08-07,0.1363286864122901,0.6402554885695249,0.22341582221151923,230
581,2021-08-08,0.13776570502347424,0.6382509025147681,0.22398338863371017,169
582,2021-08-09,0.172421818189718,0.6116189874817682,0.21595919515754847,228
583,2021-08-10,0.1474292773508619,0.6336105319274697,0.21896019278048212,247
584,2021-08-11,0.1532730547014446,0.6751027984566206,0.17162414200586476,223
585,2021-08-12,0.1710034498691591,0.6708304439898047,0.15816609699661882,246
586,2021-08-13,0.15459086927954957,0.6803243308873121,0.16508479440684973,212
587,2021-08-14,0.15837864821123046,0.6733006698839049,0.1683206745413852,197
588,2021-08-15,0.16075900697243412,0.6811757302871136,0.15806525897086554,184
589,2021-08-16,0.15732758915815853,0.6628857202523842,0.17978668447721058,349
590,2021-08-17,0.16534234214180402,0.6275296824963137,0.2071279715069012,367
591,2021-08-18,0.14054423004560176,0.6728648939143708,0.18659087650734724,268
592,2021-08-19,0.15567774860042316,0.6581878877462054,0.1861343598914317,302
593,2021-08-20,0.14463227082514227,0.6702303170730564,0.18513741086786403,478
594,2021-08-21,0.15164588548664892,0.6490529639031074,0.19930114768680215,275
595,2021-08-22,0.16709448054660794,0.6465223853718112,0.18638313178153643,227
596,2021-08-23,0.16776562746393592,0.6680921801903656,0.16414218656760174,301
597,2021-08-25,0.15195983273887104,0.6893686265779523,0.1586715410559798,222
598,2021-08-26,0.13100538509378198,0.6342314487003928,0.23476316243664772,323
599,2021-08-27,0.1306226030006959,0.5976367338765057,0.27174066137567293,353
600,2021-08-28,0.17389610702402952,0.6402794457073555,0.18582443888550737,231
601,2021-08-29,0.13805507552502028,0.6608485773487185,0.2010963415908475,207
602,2021-08-30,0.17675373555245347,0.6536623633810559,0.16958389772260243,241
603,2021-08-31,0.12617854667536973,0.6464141034630662,0.22740734679174238,269
604,2021-09-01,0.1610733292200306,0.6524377061298151,0.1864889613681416,305
605,2021-09-02,0.15917079892038435,0.6575010063034739,0.18332818859621003,255
606,2021-09-03,0.1947525582374524,0.6292944129762355,0.17595302663423015,299
607,2021-09-04,0.15474182802057387,0.6464544894204693,0.19880368038193402,244
608,2021-09-05,0.18450616981201048,0.6487190005068353,0.16677482137106114,234
609,2021-09-06,0.1518039114792831,0.6285375493717424,0.21965853002284452,299
610,2021-09-07,0.15546525415438467,0.6687065426545973,0.1758281931175949,278
611,2021-09-08,0.1564887833351403,0.6782535302258749,0.16525768048979483,415
612,2021-09-09,0.15165208604315988,0.6537738960927328,0.19457401731177312,314
613,2021-09-10,0.13578321958323092,0.6094340543876696,0.25478272262506885,345
614,2021-09-11,0.1294429445834888,0.6256340712356265,0.24492298176748065,252
615,2021-09-12,0.12951692637228487,0.5681845634722241,0.3022985020926012,274
616,2021-09-13,0.1634917904791569,0.6379266538274051,0.19858155334155375,279
617,2021-09-14,0.17514135291153984,0.6399213814267608,0.18493726094914092,250
618,2021-09-15,0.1601696771303849,0.6206604732140466,0.2191698390835505,220
619,2021-09-16,0.18090468060162684,0.6360401454052165,0.18305516801725535,247
620,2021-09-17,0.13266604840163138,0.5467925356787174,0.3205414122831228,329
621,2021-09-18,0.11415288240235728,0.4889322633012539,0.39691485940497306,337
622,2021-09-19,0.12192367499544357,0.6735120417285333,0.2045642754436632,178
623,2021-09-20,0.15459060339917224,0.6654847365974336,0.1799246527231045,270
624,2021-09-21,0.16981809430235167,0.6421811848501621,0.1880007157394565,227
625,2021-09-22,0.14655926858610238,0.649030017035548,0.20441071253058074,250
626,2021-09-23,0.15006995723734493,0.6665953381077566,0.18333470229764562,290
627,2021-09-24,0.17025210824040368,0.662836005404532,0.16691187906550942,257
628,2021-09-25,0.15245503293523172,0.6007386650705264,0.24680630298156686,268
629,2021-09-26,0.16004072692997848,0.6239093433677072,0.2160499259782601,222
630,2021-09-27,0.14461883778145332,0.6774947255053821,0.1778864315750373,279
631,2021-09-28,0.15389830372358299,0.6535500985187254,0.19255159486750617,223
632,2021-09-29,0.16148283401016664,0.6565527113457778,0.18196445039516132,253
633,2021-09-30,0.20003757206528,0.632188725803333,0.16777370354143883,220
634,2021-10-01,0.15313743028116455,0.6882251816932525,0.1586373822207652,235
635,2021-10-02,0.13552038238019332,0.6602733697023754,0.20420624118685998,301
636,2021-10-03,0.1411079163133181,0.650907480115855,0.2079845994976229,248
637,2021-10-04,0.12626685059944756,0.684241862682876,0.18949128427561987,384
638,2021-10-05,0.1494162311415443,0.6702082542828156,0.18037551243978953,328
639,2021-10-06,0.10948924873322202,0.5756592188595641,0.3148515287424431,448
640,2021-10-07,0.1333805864926093,0.663799624609658,0.20281978789954236,462
641,2021-10-08,0.14573397980653632,0.6699832407085957,0.18428277960732492,463
642,2021-10-09,0.1264919357990088,0.6438859413545287,0.22962211888876152,300
643,2021-10-10,0.13971714020684417,0.6863733524664066,0.17390949999185898,271
644,2021-10-11,0.1382213091891051,0.6515576449809838,0.21022104743068587,333
645,2021-10-12,0.13563758159441766,0.6490781048987637,0.21528431963120642,294
646,2021-10-13,0.14564474859908838,0.663260177498236,0.19109507092933056,303
647,2021-10-14,0.17041196559057384,0.6918021074724213,0.13778592112609903,306
648,2021-10-15,0.14166235082124312,0.6651144455504551,0.1932232002839038,331
649,2021-10-16,0.12871988803628645,0.6742808896736221,0.19699922749048565,265
650,2021-10-17,0.13804530196961176,0.6766338327127075,0.1853208601759061,307
651,2021-10-18,0.14206912190434667,0.6575437332061793,0.2003871404104622,349
652,2021-10-19,0.13860723135752032,0.77985334343585,0.08153939103293904,441
653,2021-10-20,0.14735382915943088,0.6495263298599413,0.2031198356187731,373
654,2021-10-21,0.13740711462705613,0.6460311975498779,0.21656168351802899,340
655,2021-10-22,0.14990646876519936,0.644763111151167,0.20533041638203348,369
656,2021-10-23,0.12222014026740442,0.7164493542554744,0.16133049344990041,262
657,2021-10-24,0.1681171431380266,0.6315463332078872,0.20033651468280045,281
658,2021-10-25,0.12432546434577894,0.6218483006204347,0.2538262336976237,362
659,2021-10-26,0.14394825530371227,0.6430200723933635,0.2130316728419285,435
660,2021-10-27,0.15262728670539538,0.6411809317467838,0.20619177637585004,279
661,2021-10-28,0.14749333980915003,0.638331737463523,0.2141749199145248,391
662,2021-10-29,0.14783712906388682,0.6535143146186098,0.19864855343713878,251
663,2021-11-19,0.13136435717464492,0.7301062969171574,0.13852936616820388,145
664,2021-11-20,0.17073119235392845,0.6373631753122558,0.19190563564696797,302
665,2021-11-21,0.16672693435584232,0.6881789794304594,0.14509409343629792,350
666,2021-11-22,0.15149278958537607,0.6595033483924415,0.18900386136906883,463
667,2021-11-23,0.14455660507934623,0.6399358654747164,0.2155075229682764,470
668,2021-11-24,0.1478193609312844,0.6426791225338326,0.20950151476396464,423
669,2021-11-25,0.13592430038586215,0.6284905846266189,0.2355851115207673,285
670,2021-11-26,0.13347115885343136,0.701284965652638,0.16524386936710628,281
671,2021-11-27,0.1602879971926949,0.6377468939257117,0.20196510540282206,305
672,2021-11-28,0.13961156631708047,0.6663154278128343,0.1940730061925971,254
673,2021-11-29,0.11048133200556659,0.599688739034772,0.28982992692072423,477
674,2021-11-30,0.12274205095208848,0.611683395803368,0.2655745567702891,455
675,2021-12-01,0.1364150966183016,0.647380678679686,0.21620422407720186,474
676,2021-12-02,0.13393837864178346,0.6352949817006065,0.23076664168888003,467
677,2021-12-03,0.13015413189021824,0.6496740414618666,0.22017182532940602,467
678,2021-12-04,0.14086471766912018,0.6607801482343103,0.1983551340939415,355
679,2021-12-05,0.15966868118711716,0.6676373676138534,0.17269394917365757,335
680,2021-12-06,0.17724951903423422,0.6356771218853182,0.18707335937054292,404
681,2021-12-07,0.1278939979325465,0.6387816433431274,0.2333243646801707,289
682,2021-12-08,0.16697834846209766,0.6471769432265326,0.18584470554799076,370
683,2021-12-09,0.13277713178447878,0.6384197503663557,0.22880311015870788,391
684,2021-12-10,0.15102758445801,0.6288248249353107,0.22014758812311735,476
685,2021-12-11,0.16412669845481478,0.6770581871256488,0.15881511024804823,299
686,2021-12-12,0.09384650250745022,0.7501333411852008,0.15602014906294595,435
687,2021-12-13,0.13732462669023843,0.6590567803215519,0.20361859105288604,411
688,2021-12-14,0.1399849722474445,0.6383235930308399,0.22169143352771273,471
689,2021-12-15,0.17404331064784884,0.6639759419371314,0.16198074610955704,453
690,2021-12-16,0.17616061680918157,0.636916436528483,0.1869229426816962,395
691,2021-12-17,0.147223116834624,0.6551423571062645,0.19763452412594085,331
692,2021-12-18,0.1663616507231478,0.661603902115621,0.17203444110620172,268
693,2021-12-19,0.16691466903556806,0.6487678865038963,0.18431743832350928,272
694,2021-12-20,0.18286811391412042,0.6147313371562766,0.20240055044243208,289
695,2021-12-21,0.14157470821295368,0.6473682495903287,0.21105704169597947,319
696,2021-12-22,0.14535416922412298,0.6356438483056202,0.21900198122684172,297
697,2021-12-23,0.16326680251306766,0.653999835045145,0.18273336121924005,377
698,2021-12-24,0.16984943700853156,0.5957964203822912,0.23435414442351332,348
699,2021-12-25,0.22513650844750024,0.5573708748622641,0.2174926212063262,192
700,2021-12-26,0.1571641647127094,0.6472088702206383,0.19562696972405907,258
701,2021-12-27,0.13048482921842294,0.6495655476995907,0.21994962683367705,282
702,2021-12-28,0.1475026880907564,0.6918213714710464,0.16067593383673034,220
703,2021-12-29,0.1351496187656874,0.6818145382534032,0.18303583738250992,242
704,2021-12-30,0.15208479567874966,0.6895126685297953,0.1584025335759887,87
