,0,1
0,2020-1-1T00:00:00Z,2020-1-2T00:00:00Z
1,2020-1-2T00:00:00Z,2020-1-3T00:00:00Z
2,2020-1-3T00:00:00Z,2020-1-4T00:00:00Z
3,2020-1-4T00:00:00Z,2020-1-5T00:00:00Z
4,2020-1-5T00:00:00Z,2020-1-6T00:00:00Z
5,2020-1-6T00:00:00Z,2020-1-7T00:00:00Z
6,2020-1-7T00:00:00Z,2020-1-8T00:00:00Z
7,2020-1-8T00:00:00Z,2020-1-9T00:00:00Z
8,2020-1-9T00:00:00Z,2020-1-10T00:00:00Z
9,2020-1-10T00:00:00Z,2020-1-11T00:00:00Z
10,2020-1-11T00:00:00Z,2020-1-12T00:00:00Z
11,2020-1-12T00:00:00Z,2020-1-13T00:00:00Z
12,2020-1-13T00:00:00Z,2020-1-14T00:00:00Z
13,2020-1-14T00:00:00Z,2020-1-15T00:00:00Z
14,2020-1-15T00:00:00Z,2020-1-16T00:00:00Z
15,2020-1-16T00:00:00Z,2020-1-17T00:00:00Z
16,2020-1-17T00:00:00Z,2020-1-18T00:00:00Z
17,2020-1-18T00:00:00Z,2020-1-19T00:00:00Z
18,2020-1-19T00:00:00Z,2020-1-20T00:00:00Z
19,2020-1-20T00:00:00Z,2020-1-21T00:00:00Z
20,2020-1-21T00:00:00Z,2020-1-22T00:00:00Z
21,2020-1-22T00:00:00Z,2020-1-23T00:00:00Z
22,2020-1-23T00:00:00Z,2020-1-24T00:00:00Z
23,2020-1-24T00:00:00Z,2020-1-25T00:00:00Z
24,2020-1-25T00:00:00Z,2020-1-26T00:00:00Z
25,2020-1-26T00:00:00Z,2020-1-27T00:00:00Z
26,2020-1-27T00:00:00Z,2020-1-28T00:00:00Z
27,2020-1-28T00:00:00Z,2020-1-29T00:00:00Z
28,2020-1-29T00:00:00Z,2020-1-30T00:00:00Z
29,2020-1-30T00:00:00Z,2020-1-31T00:00:00Z
30,2020-1-31T00:00:00Z,2020-2-1T00:00:00Z
31,2020-2-1T00:00:00Z,2020-2-2T00:00:00Z
32,2020-2-2T00:00:00Z,2020-2-3T00:00:00Z
33,2020-2-3T00:00:00Z,2020-2-4T00:00:00Z
34,2020-2-4T00:00:00Z,2020-2-5T00:00:00Z
35,2020-2-5T00:00:00Z,2020-2-6T00:00:00Z
36,2020-2-6T00:00:00Z,2020-2-7T00:00:00Z
37,2020-2-7T00:00:00Z,2020-2-8T00:00:00Z
38,2020-2-8T00:00:00Z,2020-2-9T00:00:00Z
39,2020-2-9T00:00:00Z,2020-2-10T00:00:00Z
40,2020-2-10T00:00:00Z,2020-2-11T00:00:00Z
41,2020-2-11T00:00:00Z,2020-2-12T00:00:00Z
42,2020-2-12T00:00:00Z,2020-2-13T00:00:00Z
43,2020-2-13T00:00:00Z,2020-2-14T00:00:00Z
44,2020-2-14T00:00:00Z,2020-2-15T00:00:00Z
45,2020-2-15T00:00:00Z,2020-2-16T00:00:00Z
46,2020-2-16T00:00:00Z,2020-2-17T00:00:00Z
47,2020-2-17T00:00:00Z,2020-2-18T00:00:00Z
48,2020-2-18T00:00:00Z,2020-2-19T00:00:00Z
49,2020-2-19T00:00:00Z,2020-2-20T00:00:00Z
50,2020-2-20T00:00:00Z,2020-2-21T00:00:00Z
51,2020-2-21T00:00:00Z,2020-2-22T00:00:00Z
52,2020-2-22T00:00:00Z,2020-2-23T00:00:00Z
53,2020-2-23T00:00:00Z,2020-2-24T00:00:00Z
54,2020-2-24T00:00:00Z,2020-2-25T00:00:00Z
55,2020-2-25T00:00:00Z,2020-2-26T00:00:00Z
56,2020-2-26T00:00:00Z,2020-2-27T00:00:00Z
57,2020-2-27T00:00:00Z,2020-2-28T00:00:00Z
58,2020-2-28T00:00:00Z,2020-2-29T00:00:00Z
59,2020-2-29T00:00:00Z,2020-3-1T00:00:00Z
60,2020-3-1T00:00:00Z,2020-3-2T00:00:00Z
61,2020-3-2T00:00:00Z,2020-3-3T00:00:00Z
62,2020-3-3T00:00:00Z,2020-3-4T00:00:00Z
63,2020-3-4T00:00:00Z,2020-3-5T00:00:00Z
64,2020-3-5T00:00:00Z,2020-3-6T00:00:00Z
65,2020-3-6T00:00:00Z,2020-3-7T00:00:00Z
66,2020-3-7T00:00:00Z,2020-3-8T00:00:00Z
67,2020-3-8T00:00:00Z,2020-3-9T00:00:00Z
68,2020-3-9T00:00:00Z,2020-3-10T00:00:00Z
69,2020-3-10T00:00:00Z,2020-3-11T00:00:00Z
70,2020-3-11T00:00:00Z,2020-3-12T00:00:00Z
71,2020-3-12T00:00:00Z,2020-3-13T00:00:00Z
72,2020-3-13T00:00:00Z,2020-3-14T00:00:00Z
73,2020-3-14T00:00:00Z,2020-3-15T00:00:00Z
74,2020-3-15T00:00:00Z,2020-3-16T00:00:00Z
75,2020-3-16T00:00:00Z,2020-3-17T00:00:00Z
76,2020-3-17T00:00:00Z,2020-3-18T00:00:00Z
77,2020-3-18T00:00:00Z,2020-3-19T00:00:00Z
78,2020-3-19T00:00:00Z,2020-3-20T00:00:00Z
79,2020-3-20T00:00:00Z,2020-3-21T00:00:00Z
80,2020-3-21T00:00:00Z,2020-3-22T00:00:00Z
81,2020-3-22T00:00:00Z,2020-3-23T00:00:00Z
82,2020-3-23T00:00:00Z,2020-3-24T00:00:00Z
83,2020-3-24T00:00:00Z,2020-3-25T00:00:00Z
84,2020-3-25T00:00:00Z,2020-3-26T00:00:00Z
85,2020-3-26T00:00:00Z,2020-3-27T00:00:00Z
86,2020-3-27T00:00:00Z,2020-3-28T00:00:00Z
87,2020-3-28T00:00:00Z,2020-3-29T00:00:00Z
88,2020-3-29T00:00:00Z,2020-3-30T00:00:00Z
89,2020-3-30T00:00:00Z,2020-3-31T00:00:00Z
90,2020-3-31T00:00:00Z,2020-4-1T00:00:00Z
91,2020-4-1T00:00:00Z,2020-4-2T00:00:00Z
92,2020-4-2T00:00:00Z,2020-4-3T00:00:00Z
93,2020-4-3T00:00:00Z,2020-4-4T00:00:00Z
94,2020-4-4T00:00:00Z,2020-4-5T00:00:00Z
95,2020-4-5T00:00:00Z,2020-4-6T00:00:00Z
96,2020-4-6T00:00:00Z,2020-4-7T00:00:00Z
97,2020-4-7T00:00:00Z,2020-4-8T00:00:00Z
98,2020-4-8T00:00:00Z,2020-4-9T00:00:00Z
99,2020-4-9T00:00:00Z,2020-4-10T00:00:00Z
100,2020-4-10T00:00:00Z,2020-4-11T00:00:00Z
101,2020-4-11T00:00:00Z,2020-4-12T00:00:00Z
102,2020-4-12T00:00:00Z,2020-4-13T00:00:00Z
103,2020-4-13T00:00:00Z,2020-4-14T00:00:00Z
104,2020-4-14T00:00:00Z,2020-4-15T00:00:00Z
105,2020-4-15T00:00:00Z,2020-4-16T00:00:00Z
106,2020-4-16T00:00:00Z,2020-4-17T00:00:00Z
107,2020-4-17T00:00:00Z,2020-4-18T00:00:00Z
108,2020-4-18T00:00:00Z,2020-4-19T00:00:00Z
109,2020-4-19T00:00:00Z,2020-4-20T00:00:00Z
110,2020-4-20T00:00:00Z,2020-4-21T00:00:00Z
111,2020-4-21T00:00:00Z,2020-4-22T00:00:00Z
112,2020-4-22T00:00:00Z,2020-4-23T00:00:00Z
113,2020-4-23T00:00:00Z,2020-4-24T00:00:00Z
114,2020-4-24T00:00:00Z,2020-4-25T00:00:00Z
115,2020-4-25T00:00:00Z,2020-4-26T00:00:00Z
116,2020-4-26T00:00:00Z,2020-4-27T00:00:00Z
117,2020-4-27T00:00:00Z,2020-4-28T00:00:00Z
118,2020-4-28T00:00:00Z,2020-4-29T00:00:00Z
119,2020-4-29T00:00:00Z,2020-4-30T00:00:00Z
120,2020-4-30T00:00:00Z,2020-5-1T00:00:00Z
121,2020-5-1T00:00:00Z,2020-5-2T00:00:00Z
122,2020-5-2T00:00:00Z,2020-5-3T00:00:00Z
123,2020-5-3T00:00:00Z,2020-5-4T00:00:00Z
124,2020-5-4T00:00:00Z,2020-5-5T00:00:00Z
125,2020-5-5T00:00:00Z,2020-5-6T00:00:00Z
126,2020-5-6T00:00:00Z,2020-5-7T00:00:00Z
127,2020-5-7T00:00:00Z,2020-5-8T00:00:00Z
128,2020-5-8T00:00:00Z,2020-5-9T00:00:00Z
129,2020-5-9T00:00:00Z,2020-5-10T00:00:00Z
130,2020-5-10T00:00:00Z,2020-5-11T00:00:00Z
131,2020-5-11T00:00:00Z,2020-5-12T00:00:00Z
132,2020-5-12T00:00:00Z,2020-5-13T00:00:00Z
133,2020-5-13T00:00:00Z,2020-5-14T00:00:00Z
134,2020-5-14T00:00:00Z,2020-5-15T00:00:00Z
135,2020-5-15T00:00:00Z,2020-5-16T00:00:00Z
136,2020-5-16T00:00:00Z,2020-5-17T00:00:00Z
137,2020-5-17T00:00:00Z,2020-5-18T00:00:00Z
138,2020-5-18T00:00:00Z,2020-5-19T00:00:00Z
139,2020-5-19T00:00:00Z,2020-5-20T00:00:00Z
140,2020-5-20T00:00:00Z,2020-5-21T00:00:00Z
141,2020-5-21T00:00:00Z,2020-5-22T00:00:00Z
142,2020-5-22T00:00:00Z,2020-5-23T00:00:00Z
143,2020-5-23T00:00:00Z,2020-5-24T00:00:00Z
144,2020-5-24T00:00:00Z,2020-5-25T00:00:00Z
145,2020-5-25T00:00:00Z,2020-5-26T00:00:00Z
146,2020-5-26T00:00:00Z,2020-5-27T00:00:00Z
147,2020-5-27T00:00:00Z,2020-5-28T00:00:00Z
148,2020-5-28T00:00:00Z,2020-5-29T00:00:00Z
149,2020-5-29T00:00:00Z,2020-5-30T00:00:00Z
150,2020-5-30T00:00:00Z,2020-5-31T00:00:00Z
151,2020-5-31T00:00:00Z,2020-6-1T00:00:00Z
152,2020-6-1T00:00:00Z,2020-6-2T00:00:00Z
153,2020-6-2T00:00:00Z,2020-6-3T00:00:00Z
154,2020-6-3T00:00:00Z,2020-6-4T00:00:00Z
155,2020-6-4T00:00:00Z,2020-6-5T00:00:00Z
156,2020-6-5T00:00:00Z,2020-6-6T00:00:00Z
157,2020-6-6T00:00:00Z,2020-6-7T00:00:00Z
158,2020-6-7T00:00:00Z,2020-6-8T00:00:00Z
159,2020-6-8T00:00:00Z,2020-6-9T00:00:00Z
160,2020-6-9T00:00:00Z,2020-6-10T00:00:00Z
161,2020-6-10T00:00:00Z,2020-6-11T00:00:00Z
162,2020-6-11T00:00:00Z,2020-6-12T00:00:00Z
163,2020-6-12T00:00:00Z,2020-6-13T00:00:00Z
164,2020-6-13T00:00:00Z,2020-6-14T00:00:00Z
165,2020-6-14T00:00:00Z,2020-6-15T00:00:00Z
166,2020-6-15T00:00:00Z,2020-6-16T00:00:00Z
167,2020-6-16T00:00:00Z,2020-6-17T00:00:00Z
168,2020-6-17T00:00:00Z,2020-6-18T00:00:00Z
169,2020-6-18T00:00:00Z,2020-6-19T00:00:00Z
170,2020-6-19T00:00:00Z,2020-6-20T00:00:00Z
171,2020-6-20T00:00:00Z,2020-6-21T00:00:00Z
172,2020-6-21T00:00:00Z,2020-6-22T00:00:00Z
173,2020-6-22T00:00:00Z,2020-6-23T00:00:00Z
174,2020-6-23T00:00:00Z,2020-6-24T00:00:00Z
175,2020-6-24T00:00:00Z,2020-6-25T00:00:00Z
176,2020-6-25T00:00:00Z,2020-6-26T00:00:00Z
177,2020-6-26T00:00:00Z,2020-6-27T00:00:00Z
178,2020-6-27T00:00:00Z,2020-6-28T00:00:00Z
179,2020-6-28T00:00:00Z,2020-6-29T00:00:00Z
180,2020-6-29T00:00:00Z,2020-6-30T00:00:00Z
181,2020-6-30T00:00:00Z,2020-7-1T00:00:00Z
182,2020-7-1T00:00:00Z,2020-7-2T00:00:00Z
183,2020-7-2T00:00:00Z,2020-7-3T00:00:00Z
184,2020-7-3T00:00:00Z,2020-7-4T00:00:00Z
185,2020-7-4T00:00:00Z,2020-7-5T00:00:00Z
186,2020-7-5T00:00:00Z,2020-7-6T00:00:00Z
187,2020-7-6T00:00:00Z,2020-7-7T00:00:00Z
188,2020-7-7T00:00:00Z,2020-7-8T00:00:00Z
189,2020-7-8T00:00:00Z,2020-7-9T00:00:00Z
190,2020-7-9T00:00:00Z,2020-7-10T00:00:00Z
191,2020-7-10T00:00:00Z,2020-7-11T00:00:00Z
192,2020-7-11T00:00:00Z,2020-7-12T00:00:00Z
193,2020-7-12T00:00:00Z,2020-7-13T00:00:00Z
194,2020-7-13T00:00:00Z,2020-7-14T00:00:00Z
195,2020-7-14T00:00:00Z,2020-7-15T00:00:00Z
196,2020-7-15T00:00:00Z,2020-7-16T00:00:00Z
197,2020-7-16T00:00:00Z,2020-7-17T00:00:00Z
198,2020-7-17T00:00:00Z,2020-7-18T00:00:00Z
199,2020-7-18T00:00:00Z,2020-7-19T00:00:00Z
200,2020-7-19T00:00:00Z,2020-7-20T00:00:00Z
201,2020-7-20T00:00:00Z,2020-7-21T00:00:00Z
202,2020-7-21T00:00:00Z,2020-7-22T00:00:00Z
203,2020-7-22T00:00:00Z,2020-7-23T00:00:00Z
204,2020-7-23T00:00:00Z,2020-7-24T00:00:00Z
205,2020-7-24T00:00:00Z,2020-7-25T00:00:00Z
206,2020-7-25T00:00:00Z,2020-7-26T00:00:00Z
207,2020-7-26T00:00:00Z,2020-7-27T00:00:00Z
208,2020-7-27T00:00:00Z,2020-7-28T00:00:00Z
209,2020-7-28T00:00:00Z,2020-7-29T00:00:00Z
210,2020-7-29T00:00:00Z,2020-7-30T00:00:00Z
211,2020-7-30T00:00:00Z,2020-7-31T00:00:00Z
212,2020-7-31T00:00:00Z,2020-8-1T00:00:00Z
213,2020-8-1T00:00:00Z,2020-8-2T00:00:00Z
214,2020-8-2T00:00:00Z,2020-8-3T00:00:00Z
215,2020-8-3T00:00:00Z,2020-8-4T00:00:00Z
216,2020-8-4T00:00:00Z,2020-8-5T00:00:00Z
217,2020-8-5T00:00:00Z,2020-8-6T00:00:00Z
218,2020-8-6T00:00:00Z,2020-8-7T00:00:00Z
219,2020-8-7T00:00:00Z,2020-8-8T00:00:00Z
220,2020-8-8T00:00:00Z,2020-8-9T00:00:00Z
221,2020-8-9T00:00:00Z,2020-8-10T00:00:00Z
222,2020-8-10T00:00:00Z,2020-8-11T00:00:00Z
223,2020-8-11T00:00:00Z,2020-8-12T00:00:00Z
224,2020-8-12T00:00:00Z,2020-8-13T00:00:00Z
225,2020-8-13T00:00:00Z,2020-8-14T00:00:00Z
226,2020-8-14T00:00:00Z,2020-8-15T00:00:00Z
227,2020-8-15T00:00:00Z,2020-8-16T00:00:00Z
228,2020-8-16T00:00:00Z,2020-8-17T00:00:00Z
229,2020-8-17T00:00:00Z,2020-8-18T00:00:00Z
230,2020-8-18T00:00:00Z,2020-8-19T00:00:00Z
231,2020-8-19T00:00:00Z,2020-8-20T00:00:00Z
232,2020-8-20T00:00:00Z,2020-8-21T00:00:00Z
233,2020-8-21T00:00:00Z,2020-8-22T00:00:00Z
234,2020-8-22T00:00:00Z,2020-8-23T00:00:00Z
235,2020-8-23T00:00:00Z,2020-8-24T00:00:00Z
236,2020-8-24T00:00:00Z,2020-8-25T00:00:00Z
237,2020-8-25T00:00:00Z,2020-8-26T00:00:00Z
238,2020-8-26T00:00:00Z,2020-8-27T00:00:00Z
239,2020-8-27T00:00:00Z,2020-8-28T00:00:00Z
240,2020-8-28T00:00:00Z,2020-8-29T00:00:00Z
241,2020-8-29T00:00:00Z,2020-8-30T00:00:00Z
242,2020-8-30T00:00:00Z,2020-8-31T00:00:00Z
243,2020-8-31T00:00:00Z,2020-9-1T00:00:00Z
244,2020-9-1T00:00:00Z,2020-9-2T00:00:00Z
245,2020-9-2T00:00:00Z,2020-9-3T00:00:00Z
246,2020-9-3T00:00:00Z,2020-9-4T00:00:00Z
247,2020-9-4T00:00:00Z,2020-9-5T00:00:00Z
248,2020-9-5T00:00:00Z,2020-9-6T00:00:00Z
249,2020-9-6T00:00:00Z,2020-9-7T00:00:00Z
250,2020-9-7T00:00:00Z,2020-9-8T00:00:00Z
251,2020-9-8T00:00:00Z,2020-9-9T00:00:00Z
252,2020-9-9T00:00:00Z,2020-9-10T00:00:00Z
253,2020-9-10T00:00:00Z,2020-9-11T00:00:00Z
254,2020-9-11T00:00:00Z,2020-9-12T00:00:00Z
255,2020-9-12T00:00:00Z,2020-9-13T00:00:00Z
256,2020-9-13T00:00:00Z,2020-9-14T00:00:00Z
257,2020-9-14T00:00:00Z,2020-9-15T00:00:00Z
258,2020-9-15T00:00:00Z,2020-9-16T00:00:00Z
259,2020-9-16T00:00:00Z,2020-9-17T00:00:00Z
260,2020-9-17T00:00:00Z,2020-9-18T00:00:00Z
261,2020-9-18T00:00:00Z,2020-9-19T00:00:00Z
262,2020-9-19T00:00:00Z,2020-9-20T00:00:00Z
263,2020-9-20T00:00:00Z,2020-9-21T00:00:00Z
264,2020-9-21T00:00:00Z,2020-9-22T00:00:00Z
265,2020-9-22T00:00:00Z,2020-9-23T00:00:00Z
266,2020-9-23T00:00:00Z,2020-9-24T00:00:00Z
267,2020-9-24T00:00:00Z,2020-9-25T00:00:00Z
268,2020-9-25T00:00:00Z,2020-9-26T00:00:00Z
269,2020-9-26T00:00:00Z,2020-9-27T00:00:00Z
270,2020-9-27T00:00:00Z,2020-9-28T00:00:00Z
271,2020-9-28T00:00:00Z,2020-9-29T00:00:00Z
272,2020-9-29T00:00:00Z,2020-9-30T00:00:00Z
273,2020-9-30T00:00:00Z,2020-10-1T00:00:00Z
274,2020-10-1T00:00:00Z,2020-10-2T00:00:00Z
275,2020-10-2T00:00:00Z,2020-10-3T00:00:00Z
276,2020-10-3T00:00:00Z,2020-10-4T00:00:00Z
277,2020-10-4T00:00:00Z,2020-10-5T00:00:00Z
278,2020-10-5T00:00:00Z,2020-10-6T00:00:00Z
279,2020-10-6T00:00:00Z,2020-10-7T00:00:00Z
280,2020-10-7T00:00:00Z,2020-10-8T00:00:00Z
281,2020-10-8T00:00:00Z,2020-10-9T00:00:00Z
282,2020-10-9T00:00:00Z,2020-10-10T00:00:00Z
283,2020-10-10T00:00:00Z,2020-10-11T00:00:00Z
284,2020-10-11T00:00:00Z,2020-10-12T00:00:00Z
285,2020-10-12T00:00:00Z,2020-10-13T00:00:00Z
286,2020-10-13T00:00:00Z,2020-10-14T00:00:00Z
287,2020-10-14T00:00:00Z,2020-10-15T00:00:00Z
288,2020-10-15T00:00:00Z,2020-10-16T00:00:00Z
289,2020-10-16T00:00:00Z,2020-10-17T00:00:00Z
290,2020-10-17T00:00:00Z,2020-10-18T00:00:00Z
291,2020-10-18T00:00:00Z,2020-10-19T00:00:00Z
292,2020-10-19T00:00:00Z,2020-10-20T00:00:00Z
293,2020-10-20T00:00:00Z,2020-10-21T00:00:00Z
294,2020-10-21T00:00:00Z,2020-10-22T00:00:00Z
295,2020-10-22T00:00:00Z,2020-10-23T00:00:00Z
296,2020-10-23T00:00:00Z,2020-10-24T00:00:00Z
297,2020-10-24T00:00:00Z,2020-10-25T00:00:00Z
298,2020-10-25T00:00:00Z,2020-10-26T00:00:00Z
299,2020-10-26T00:00:00Z,2020-10-27T00:00:00Z
300,2020-10-27T00:00:00Z,2020-10-28T00:00:00Z
301,2020-10-28T00:00:00Z,2020-10-29T00:00:00Z
302,2020-10-29T00:00:00Z,2020-10-30T00:00:00Z
303,2020-10-30T00:00:00Z,2020-10-31T00:00:00Z
304,2020-10-31T00:00:00Z,2020-11-1T00:00:00Z
305,2020-11-1T00:00:00Z,2020-11-2T00:00:00Z
306,2020-11-2T00:00:00Z,2020-11-3T00:00:00Z
307,2020-11-3T00:00:00Z,2020-11-4T00:00:00Z
308,2020-11-4T00:00:00Z,2020-11-5T00:00:00Z
309,2020-11-5T00:00:00Z,2020-11-6T00:00:00Z
310,2020-11-6T00:00:00Z,2020-11-7T00:00:00Z
311,2020-11-7T00:00:00Z,2020-11-8T00:00:00Z
312,2020-11-8T00:00:00Z,2020-11-9T00:00:00Z
313,2020-11-9T00:00:00Z,2020-11-10T00:00:00Z
314,2020-11-10T00:00:00Z,2020-11-11T00:00:00Z
315,2020-11-11T00:00:00Z,2020-11-12T00:00:00Z
316,2020-11-12T00:00:00Z,2020-11-13T00:00:00Z
317,2020-11-13T00:00:00Z,2020-11-14T00:00:00Z
318,2020-11-14T00:00:00Z,2020-11-15T00:00:00Z
319,2020-11-15T00:00:00Z,2020-11-16T00:00:00Z
320,2020-11-16T00:00:00Z,2020-11-17T00:00:00Z
321,2020-11-17T00:00:00Z,2020-11-18T00:00:00Z
322,2020-11-18T00:00:00Z,2020-11-19T00:00:00Z
323,2020-11-19T00:00:00Z,2020-11-20T00:00:00Z
324,2020-11-20T00:00:00Z,2020-11-21T00:00:00Z
325,2020-11-21T00:00:00Z,2020-11-22T00:00:00Z
326,2020-11-22T00:00:00Z,2020-11-23T00:00:00Z
327,2020-11-23T00:00:00Z,2020-11-24T00:00:00Z
328,2020-11-24T00:00:00Z,2020-11-25T00:00:00Z
329,2020-11-25T00:00:00Z,2020-11-26T00:00:00Z
330,2020-11-26T00:00:00Z,2020-11-27T00:00:00Z
331,2020-11-27T00:00:00Z,2020-11-28T00:00:00Z
332,2020-11-28T00:00:00Z,2020-11-29T00:00:00Z
333,2020-11-29T00:00:00Z,2020-11-30T00:00:00Z
334,2020-11-30T00:00:00Z,2020-12-1T00:00:00Z
335,2020-12-1T00:00:00Z,2020-12-2T00:00:00Z
336,2020-12-2T00:00:00Z,2020-12-3T00:00:00Z
337,2020-12-3T00:00:00Z,2020-12-4T00:00:00Z
338,2020-12-4T00:00:00Z,2020-12-5T00:00:00Z
339,2020-12-5T00:00:00Z,2020-12-6T00:00:00Z
340,2020-12-6T00:00:00Z,2020-12-7T00:00:00Z
341,2020-12-7T00:00:00Z,2020-12-8T00:00:00Z
342,2020-12-8T00:00:00Z,2020-12-9T00:00:00Z
343,2020-12-9T00:00:00Z,2020-12-10T00:00:00Z
344,2020-12-10T00:00:00Z,2020-12-11T00:00:00Z
345,2020-12-11T00:00:00Z,2020-12-12T00:00:00Z
346,2020-12-12T00:00:00Z,2020-12-13T00:00:00Z
347,2020-12-13T00:00:00Z,2020-12-14T00:00:00Z
348,2020-12-14T00:00:00Z,2020-12-15T00:00:00Z
349,2020-12-15T00:00:00Z,2020-12-16T00:00:00Z
350,2020-12-16T00:00:00Z,2020-12-17T00:00:00Z
351,2020-12-17T00:00:00Z,2020-12-18T00:00:00Z
352,2020-12-18T00:00:00Z,2020-12-19T00:00:00Z
353,2020-12-19T00:00:00Z,2020-12-20T00:00:00Z
354,2020-12-20T00:00:00Z,2020-12-21T00:00:00Z
355,2020-12-21T00:00:00Z,2020-12-22T00:00:00Z
356,2020-12-22T00:00:00Z,2020-12-23T00:00:00Z
357,2020-12-23T00:00:00Z,2020-12-24T00:00:00Z
358,2020-12-24T00:00:00Z,2020-12-25T00:00:00Z
359,2020-12-25T00:00:00Z,2020-12-26T00:00:00Z
360,2020-12-26T00:00:00Z,2020-12-27T00:00:00Z
361,2020-12-27T00:00:00Z,2020-12-28T00:00:00Z
362,2020-12-28T00:00:00Z,2020-12-29T00:00:00Z
363,2020-12-29T00:00:00Z,2020-12-30T00:00:00Z
364,2020-12-30T00:00:00Z,2020-12-31T00:00:00Z
365,2020-12-31T00:00:00Z,2021-1-1T00:00:00Z
366,2021-1-1T00:00:00Z,2021-1-2T00:00:00Z
367,2021-1-2T00:00:00Z,2021-1-3T00:00:00Z
368,2021-1-3T00:00:00Z,2021-1-4T00:00:00Z
369,2021-1-4T00:00:00Z,2021-1-5T00:00:00Z
370,2021-1-5T00:00:00Z,2021-1-6T00:00:00Z
371,2021-1-6T00:00:00Z,2021-1-7T00:00:00Z
372,2021-1-7T00:00:00Z,2021-1-8T00:00:00Z
373,2021-1-8T00:00:00Z,2021-1-9T00:00:00Z
374,2021-1-9T00:00:00Z,2021-1-10T00:00:00Z
375,2021-1-10T00:00:00Z,2021-1-11T00:00:00Z
376,2021-1-11T00:00:00Z,2021-1-12T00:00:00Z
377,2021-1-12T00:00:00Z,2021-1-13T00:00:00Z
378,2021-1-13T00:00:00Z,2021-1-14T00:00:00Z
379,2021-1-14T00:00:00Z,2021-1-15T00:00:00Z
380,2021-1-15T00:00:00Z,2021-1-16T00:00:00Z
381,2021-1-16T00:00:00Z,2021-1-17T00:00:00Z
382,2021-1-17T00:00:00Z,2021-1-18T00:00:00Z
383,2021-1-18T00:00:00Z,2021-1-19T00:00:00Z
384,2021-1-19T00:00:00Z,2021-1-20T00:00:00Z
385,2021-1-20T00:00:00Z,2021-1-21T00:00:00Z
386,2021-1-21T00:00:00Z,2021-1-22T00:00:00Z
387,2021-1-22T00:00:00Z,2021-1-23T00:00:00Z
388,2021-1-23T00:00:00Z,2021-1-24T00:00:00Z
389,2021-1-24T00:00:00Z,2021-1-25T00:00:00Z
390,2021-1-25T00:00:00Z,2021-1-26T00:00:00Z
391,2021-1-26T00:00:00Z,2021-1-27T00:00:00Z
392,2021-1-27T00:00:00Z,2021-1-28T00:00:00Z
393,2021-1-28T00:00:00Z,2021-1-29T00:00:00Z
394,2021-1-29T00:00:00Z,2021-1-30T00:00:00Z
395,2021-1-30T00:00:00Z,2021-1-31T00:00:00Z
396,2021-1-31T00:00:00Z,2021-2-1T00:00:00Z
397,2021-2-1T00:00:00Z,2021-2-2T00:00:00Z
398,2021-2-2T00:00:00Z,2021-2-3T00:00:00Z
399,2021-2-3T00:00:00Z,2021-2-4T00:00:00Z
400,2021-2-4T00:00:00Z,2021-2-5T00:00:00Z
401,2021-2-5T00:00:00Z,2021-2-6T00:00:00Z
402,2021-2-6T00:00:00Z,2021-2-7T00:00:00Z
403,2021-2-7T00:00:00Z,2021-2-8T00:00:00Z
404,2021-2-8T00:00:00Z,2021-2-9T00:00:00Z
405,2021-2-9T00:00:00Z,2021-2-10T00:00:00Z
406,2021-2-10T00:00:00Z,2021-2-11T00:00:00Z
407,2021-2-11T00:00:00Z,2021-2-12T00:00:00Z
408,2021-2-12T00:00:00Z,2021-2-13T00:00:00Z
409,2021-2-13T00:00:00Z,2021-2-14T00:00:00Z
410,2021-2-14T00:00:00Z,2021-2-15T00:00:00Z
411,2021-2-15T00:00:00Z,2021-2-16T00:00:00Z
412,2021-2-16T00:00:00Z,2021-2-17T00:00:00Z
413,2021-2-17T00:00:00Z,2021-2-18T00:00:00Z
414,2021-2-18T00:00:00Z,2021-2-19T00:00:00Z
415,2021-2-19T00:00:00Z,2021-2-20T00:00:00Z
416,2021-2-20T00:00:00Z,2021-2-21T00:00:00Z
417,2021-2-21T00:00:00Z,2021-2-22T00:00:00Z
418,2021-2-22T00:00:00Z,2021-2-23T00:00:00Z
419,2021-2-23T00:00:00Z,2021-2-24T00:00:00Z
420,2021-2-24T00:00:00Z,2021-2-25T00:00:00Z
421,2021-2-25T00:00:00Z,2021-2-26T00:00:00Z
422,2021-2-26T00:00:00Z,2021-2-27T00:00:00Z
423,2021-2-27T00:00:00Z,2021-2-28T00:00:00Z
424,2021-2-28T00:00:00Z,2021-3-1T00:00:00Z
425,2021-3-1T00:00:00Z,2021-3-2T00:00:00Z
426,2021-3-2T00:00:00Z,2021-3-3T00:00:00Z
427,2021-3-3T00:00:00Z,2021-3-4T00:00:00Z
428,2021-3-4T00:00:00Z,2021-3-5T00:00:00Z
429,2021-3-5T00:00:00Z,2021-3-6T00:00:00Z
430,2021-3-6T00:00:00Z,2021-3-7T00:00:00Z
431,2021-3-7T00:00:00Z,2021-3-8T00:00:00Z
432,2021-3-8T00:00:00Z,2021-3-9T00:00:00Z
433,2021-3-9T00:00:00Z,2021-3-10T00:00:00Z
434,2021-3-10T00:00:00Z,2021-3-11T00:00:00Z
435,2021-3-11T00:00:00Z,2021-3-12T00:00:00Z
436,2021-3-12T00:00:00Z,2021-3-13T00:00:00Z
437,2021-3-13T00:00:00Z,2021-3-14T00:00:00Z
438,2021-3-14T00:00:00Z,2021-3-15T00:00:00Z
439,2021-3-15T00:00:00Z,2021-3-16T00:00:00Z
440,2021-3-16T00:00:00Z,2021-3-17T00:00:00Z
441,2021-3-17T00:00:00Z,2021-3-18T00:00:00Z
442,2021-3-18T00:00:00Z,2021-3-19T00:00:00Z
443,2021-3-19T00:00:00Z,2021-3-20T00:00:00Z
444,2021-3-20T00:00:00Z,2021-3-21T00:00:00Z
445,2021-3-21T00:00:00Z,2021-3-22T00:00:00Z
446,2021-3-22T00:00:00Z,2021-3-23T00:00:00Z
447,2021-3-23T00:00:00Z,2021-3-24T00:00:00Z
448,2021-3-24T00:00:00Z,2021-3-25T00:00:00Z
449,2021-3-25T00:00:00Z,2021-3-26T00:00:00Z
450,2021-3-26T00:00:00Z,2021-3-27T00:00:00Z
451,2021-3-27T00:00:00Z,2021-3-28T00:00:00Z
452,2021-3-28T00:00:00Z,2021-3-29T00:00:00Z
453,2021-3-29T00:00:00Z,2021-3-30T00:00:00Z
454,2021-3-30T00:00:00Z,2021-3-31T00:00:00Z
455,2021-3-31T00:00:00Z,2021-4-1T00:00:00Z
456,2021-4-1T00:00:00Z,2021-4-2T00:00:00Z
457,2021-4-2T00:00:00Z,2021-4-3T00:00:00Z
458,2021-4-3T00:00:00Z,2021-4-4T00:00:00Z
459,2021-4-4T00:00:00Z,2021-4-5T00:00:00Z
460,2021-4-5T00:00:00Z,2021-4-6T00:00:00Z
461,2021-4-6T00:00:00Z,2021-4-7T00:00:00Z
462,2021-4-7T00:00:00Z,2021-4-8T00:00:00Z
463,2021-4-8T00:00:00Z,2021-4-9T00:00:00Z
464,2021-4-9T00:00:00Z,2021-4-10T00:00:00Z
465,2021-4-10T00:00:00Z,2021-4-11T00:00:00Z
466,2021-4-11T00:00:00Z,2021-4-12T00:00:00Z
467,2021-4-12T00:00:00Z,2021-4-13T00:00:00Z
468,2021-4-13T00:00:00Z,2021-4-14T00:00:00Z
469,2021-4-14T00:00:00Z,2021-4-15T00:00:00Z
470,2021-4-15T00:00:00Z,2021-4-16T00:00:00Z
471,2021-4-16T00:00:00Z,2021-4-17T00:00:00Z
472,2021-4-17T00:00:00Z,2021-4-18T00:00:00Z
473,2021-4-18T00:00:00Z,2021-4-19T00:00:00Z
474,2021-4-19T00:00:00Z,2021-4-20T00:00:00Z
475,2021-4-20T00:00:00Z,2021-4-21T00:00:00Z
476,2021-4-21T00:00:00Z,2021-4-22T00:00:00Z
477,2021-4-22T00:00:00Z,2021-4-23T00:00:00Z
478,2021-4-23T00:00:00Z,2021-4-24T00:00:00Z
479,2021-4-24T00:00:00Z,2021-4-25T00:00:00Z
480,2021-4-25T00:00:00Z,2021-4-26T00:00:00Z
481,2021-4-26T00:00:00Z,2021-4-27T00:00:00Z
482,2021-4-27T00:00:00Z,2021-4-28T00:00:00Z
483,2021-4-28T00:00:00Z,2021-4-29T00:00:00Z
484,2021-4-29T00:00:00Z,2021-4-30T00:00:00Z
485,2021-4-30T00:00:00Z,2021-5-1T00:00:00Z
486,2021-5-1T00:00:00Z,2021-5-2T00:00:00Z
487,2021-5-2T00:00:00Z,2021-5-3T00:00:00Z
488,2021-5-3T00:00:00Z,2021-5-4T00:00:00Z
489,2021-5-4T00:00:00Z,2021-5-5T00:00:00Z
490,2021-5-5T00:00:00Z,2021-5-6T00:00:00Z
491,2021-5-6T00:00:00Z,2021-5-7T00:00:00Z
492,2021-5-7T00:00:00Z,2021-5-8T00:00:00Z
493,2021-5-8T00:00:00Z,2021-5-9T00:00:00Z
494,2021-5-9T00:00:00Z,2021-5-10T00:00:00Z
495,2021-5-10T00:00:00Z,2021-5-11T00:00:00Z
496,2021-5-11T00:00:00Z,2021-5-12T00:00:00Z
497,2021-5-12T00:00:00Z,2021-5-13T00:00:00Z
498,2021-5-13T00:00:00Z,2021-5-14T00:00:00Z
499,2021-5-14T00:00:00Z,2021-5-15T00:00:00Z
500,2021-5-15T00:00:00Z,2021-5-16T00:00:00Z
501,2021-5-16T00:00:00Z,2021-5-17T00:00:00Z
502,2021-5-17T00:00:00Z,2021-5-18T00:00:00Z
503,2021-5-18T00:00:00Z,2021-5-19T00:00:00Z
504,2021-5-19T00:00:00Z,2021-5-20T00:00:00Z
505,2021-5-20T00:00:00Z,2021-5-21T00:00:00Z
506,2021-5-21T00:00:00Z,2021-5-22T00:00:00Z
507,2021-5-22T00:00:00Z,2021-5-23T00:00:00Z
508,2021-5-23T00:00:00Z,2021-5-24T00:00:00Z
509,2021-5-24T00:00:00Z,2021-5-25T00:00:00Z
510,2021-5-25T00:00:00Z,2021-5-26T00:00:00Z
511,2021-5-26T00:00:00Z,2021-5-27T00:00:00Z
512,2021-5-27T00:00:00Z,2021-5-28T00:00:00Z
513,2021-5-28T00:00:00Z,2021-5-29T00:00:00Z
514,2021-5-29T00:00:00Z,2021-5-30T00:00:00Z
515,2021-5-30T00:00:00Z,2021-5-31T00:00:00Z
516,2021-5-31T00:00:00Z,2021-6-1T00:00:00Z
517,2021-6-1T00:00:00Z,2021-6-2T00:00:00Z
518,2021-6-2T00:00:00Z,2021-6-3T00:00:00Z
519,2021-6-3T00:00:00Z,2021-6-4T00:00:00Z
520,2021-6-4T00:00:00Z,2021-6-5T00:00:00Z
521,2021-6-5T00:00:00Z,2021-6-6T00:00:00Z
522,2021-6-6T00:00:00Z,2021-6-7T00:00:00Z
523,2021-6-7T00:00:00Z,2021-6-8T00:00:00Z
524,2021-6-8T00:00:00Z,2021-6-9T00:00:00Z
525,2021-6-9T00:00:00Z,2021-6-10T00:00:00Z
526,2021-6-10T00:00:00Z,2021-6-11T00:00:00Z
527,2021-6-11T00:00:00Z,2021-6-12T00:00:00Z
528,2021-6-12T00:00:00Z,2021-6-13T00:00:00Z
529,2021-6-13T00:00:00Z,2021-6-14T00:00:00Z
530,2021-6-14T00:00:00Z,2021-6-15T00:00:00Z
531,2021-6-15T00:00:00Z,2021-6-16T00:00:00Z
532,2021-6-16T00:00:00Z,2021-6-17T00:00:00Z
533,2021-6-17T00:00:00Z,2021-6-18T00:00:00Z
534,2021-6-18T00:00:00Z,2021-6-19T00:00:00Z
535,2021-6-19T00:00:00Z,2021-6-20T00:00:00Z
536,2021-6-20T00:00:00Z,2021-6-21T00:00:00Z
537,2021-6-21T00:00:00Z,2021-6-22T00:00:00Z
538,2021-6-22T00:00:00Z,2021-6-23T00:00:00Z
539,2021-6-23T00:00:00Z,2021-6-24T00:00:00Z
540,2021-6-24T00:00:00Z,2021-6-25T00:00:00Z
541,2021-6-25T00:00:00Z,2021-6-26T00:00:00Z
542,2021-6-26T00:00:00Z,2021-6-27T00:00:00Z
543,2021-6-27T00:00:00Z,2021-6-28T00:00:00Z
544,2021-6-28T00:00:00Z,2021-6-29T00:00:00Z
545,2021-6-29T00:00:00Z,2021-6-30T00:00:00Z
546,2021-6-30T00:00:00Z,2021-7-1T00:00:00Z
547,2021-7-1T00:00:00Z,2021-7-2T00:00:00Z
548,2021-7-2T00:00:00Z,2021-7-3T00:00:00Z
549,2021-7-3T00:00:00Z,2021-7-4T00:00:00Z
550,2021-7-4T00:00:00Z,2021-7-5T00:00:00Z
551,2021-7-5T00:00:00Z,2021-7-6T00:00:00Z
552,2021-7-6T00:00:00Z,2021-7-7T00:00:00Z
553,2021-7-7T00:00:00Z,2021-7-8T00:00:00Z
554,2021-7-8T00:00:00Z,2021-7-9T00:00:00Z
555,2021-7-9T00:00:00Z,2021-7-10T00:00:00Z
556,2021-7-10T00:00:00Z,2021-7-11T00:00:00Z
557,2021-7-11T00:00:00Z,2021-7-12T00:00:00Z
558,2021-7-12T00:00:00Z,2021-7-13T00:00:00Z
559,2021-7-13T00:00:00Z,2021-7-14T00:00:00Z
560,2021-7-14T00:00:00Z,2021-7-15T00:00:00Z
561,2021-7-15T00:00:00Z,2021-7-16T00:00:00Z
562,2021-7-16T00:00:00Z,2021-7-17T00:00:00Z
563,2021-7-17T00:00:00Z,2021-7-18T00:00:00Z
564,2021-7-18T00:00:00Z,2021-7-19T00:00:00Z
565,2021-7-19T00:00:00Z,2021-7-20T00:00:00Z
566,2021-7-20T00:00:00Z,2021-7-21T00:00:00Z
567,2021-7-21T00:00:00Z,2021-7-22T00:00:00Z
568,2021-7-22T00:00:00Z,2021-7-23T00:00:00Z
569,2021-7-23T00:00:00Z,2021-7-24T00:00:00Z
570,2021-7-24T00:00:00Z,2021-7-25T00:00:00Z
571,2021-7-25T00:00:00Z,2021-7-26T00:00:00Z
572,2021-7-26T00:00:00Z,2021-7-27T00:00:00Z
573,2021-7-27T00:00:00Z,2021-7-28T00:00:00Z
574,2021-7-28T00:00:00Z,2021-7-29T00:00:00Z
575,2021-7-29T00:00:00Z,2021-7-30T00:00:00Z
576,2021-7-30T00:00:00Z,2021-7-31T00:00:00Z
577,2021-7-31T00:00:00Z,2021-8-1T00:00:00Z
578,2021-8-1T00:00:00Z,2021-8-2T00:00:00Z
579,2021-8-2T00:00:00Z,2021-8-3T00:00:00Z
580,2021-8-3T00:00:00Z,2021-8-4T00:00:00Z
581,2021-8-4T00:00:00Z,2021-8-5T00:00:00Z
582,2021-8-5T00:00:00Z,2021-8-6T00:00:00Z
583,2021-8-6T00:00:00Z,2021-8-7T00:00:00Z
584,2021-8-7T00:00:00Z,2021-8-8T00:00:00Z
585,2021-8-8T00:00:00Z,2021-8-9T00:00:00Z
586,2021-8-9T00:00:00Z,2021-8-10T00:00:00Z
587,2021-8-10T00:00:00Z,2021-8-11T00:00:00Z
588,2021-8-11T00:00:00Z,2021-8-12T00:00:00Z
589,2021-8-12T00:00:00Z,2021-8-13T00:00:00Z
590,2021-8-13T00:00:00Z,2021-8-14T00:00:00Z
591,2021-8-14T00:00:00Z,2021-8-15T00:00:00Z
592,2021-8-15T00:00:00Z,2021-8-16T00:00:00Z
593,2021-8-16T00:00:00Z,2021-8-17T00:00:00Z
594,2021-8-17T00:00:00Z,2021-8-18T00:00:00Z
595,2021-8-18T00:00:00Z,2021-8-19T00:00:00Z
596,2021-8-19T00:00:00Z,2021-8-20T00:00:00Z
597,2021-8-20T00:00:00Z,2021-8-21T00:00:00Z
598,2021-8-21T00:00:00Z,2021-8-22T00:00:00Z
599,2021-8-22T00:00:00Z,2021-8-23T00:00:00Z
600,2021-8-23T00:00:00Z,2021-8-24T00:00:00Z
601,2021-8-24T00:00:00Z,2021-8-25T00:00:00Z
602,2021-8-25T00:00:00Z,2021-8-26T00:00:00Z
603,2021-8-26T00:00:00Z,2021-8-27T00:00:00Z
604,2021-8-27T00:00:00Z,2021-8-28T00:00:00Z
605,2021-8-28T00:00:00Z,2021-8-29T00:00:00Z
606,2021-8-29T00:00:00Z,2021-8-30T00:00:00Z
607,2021-8-30T00:00:00Z,2021-8-31T00:00:00Z
608,2021-8-31T00:00:00Z,2021-9-1T00:00:00Z
609,2021-9-1T00:00:00Z,2021-9-2T00:00:00Z
610,2021-9-2T00:00:00Z,2021-9-3T00:00:00Z
611,2021-9-3T00:00:00Z,2021-9-4T00:00:00Z
612,2021-9-4T00:00:00Z,2021-9-5T00:00:00Z
613,2021-9-5T00:00:00Z,2021-9-6T00:00:00Z
614,2021-9-6T00:00:00Z,2021-9-7T00:00:00Z
615,2021-9-7T00:00:00Z,2021-9-8T00:00:00Z
616,2021-9-8T00:00:00Z,2021-9-9T00:00:00Z
617,2021-9-9T00:00:00Z,2021-9-10T00:00:00Z
618,2021-9-10T00:00:00Z,2021-9-11T00:00:00Z
619,2021-9-11T00:00:00Z,2021-9-12T00:00:00Z
620,2021-9-12T00:00:00Z,2021-9-13T00:00:00Z
621,2021-9-13T00:00:00Z,2021-9-14T00:00:00Z
622,2021-9-14T00:00:00Z,2021-9-15T00:00:00Z
623,2021-9-15T00:00:00Z,2021-9-16T00:00:00Z
624,2021-9-16T00:00:00Z,2021-9-17T00:00:00Z
625,2021-9-17T00:00:00Z,2021-9-18T00:00:00Z
626,2021-9-18T00:00:00Z,2021-9-19T00:00:00Z
627,2021-9-19T00:00:00Z,2021-9-20T00:00:00Z
628,2021-9-20T00:00:00Z,2021-9-21T00:00:00Z
629,2021-9-21T00:00:00Z,2021-9-22T00:00:00Z
630,2021-9-22T00:00:00Z,2021-9-23T00:00:00Z
631,2021-9-23T00:00:00Z,2021-9-24T00:00:00Z
632,2021-9-24T00:00:00Z,2021-9-25T00:00:00Z
633,2021-9-25T00:00:00Z,2021-9-26T00:00:00Z
634,2021-9-26T00:00:00Z,2021-9-27T00:00:00Z
635,2021-9-27T00:00:00Z,2021-9-28T00:00:00Z
636,2021-9-28T00:00:00Z,2021-9-29T00:00:00Z
637,2021-9-29T00:00:00Z,2021-9-30T00:00:00Z
638,2021-9-30T00:00:00Z,2021-10-1T00:00:00Z
639,2021-10-1T00:00:00Z,2021-10-2T00:00:00Z
640,2021-10-2T00:00:00Z,2021-10-3T00:00:00Z
641,2021-10-3T00:00:00Z,2021-10-4T00:00:00Z
642,2021-10-4T00:00:00Z,2021-10-5T00:00:00Z
643,2021-10-5T00:00:00Z,2021-10-6T00:00:00Z
644,2021-10-6T00:00:00Z,2021-10-7T00:00:00Z
645,2021-10-7T00:00:00Z,2021-10-8T00:00:00Z
646,2021-10-8T00:00:00Z,2021-10-9T00:00:00Z
647,2021-10-9T00:00:00Z,2021-10-10T00:00:00Z
648,2021-10-10T00:00:00Z,2021-10-11T00:00:00Z
649,2021-10-11T00:00:00Z,2021-10-12T00:00:00Z
650,2021-10-12T00:00:00Z,2021-10-13T00:00:00Z
651,2021-10-13T00:00:00Z,2021-10-14T00:00:00Z
652,2021-10-14T00:00:00Z,2021-10-15T00:00:00Z
653,2021-10-15T00:00:00Z,2021-10-16T00:00:00Z
654,2021-10-16T00:00:00Z,2021-10-17T00:00:00Z
655,2021-10-17T00:00:00Z,2021-10-18T00:00:00Z
656,2021-10-18T00:00:00Z,2021-10-19T00:00:00Z
657,2021-10-19T00:00:00Z,2021-10-20T00:00:00Z
658,2021-10-20T00:00:00Z,2021-10-21T00:00:00Z
659,2021-10-21T00:00:00Z,2021-10-22T00:00:00Z
660,2021-10-22T00:00:00Z,2021-10-23T00:00:00Z
661,2021-10-23T00:00:00Z,2021-10-24T00:00:00Z
662,2021-10-24T00:00:00Z,2021-10-25T00:00:00Z
663,2021-10-25T00:00:00Z,2021-10-26T00:00:00Z
664,2021-10-26T00:00:00Z,2021-10-27T00:00:00Z
665,2021-10-27T00:00:00Z,2021-10-28T00:00:00Z
666,2021-10-28T00:00:00Z,2021-10-29T00:00:00Z
667,2021-10-29T00:00:00Z,2021-10-30T00:00:00Z
668,2021-10-30T00:00:00Z,2021-10-31T00:00:00Z
669,2021-10-31T00:00:00Z,2021-11-1T00:00:00Z
670,2021-11-1T00:00:00Z,2021-11-2T00:00:00Z
671,2021-11-2T00:00:00Z,2021-11-3T00:00:00Z
672,2021-11-3T00:00:00Z,2021-11-4T00:00:00Z
673,2021-11-4T00:00:00Z,2021-11-5T00:00:00Z
674,2021-11-5T00:00:00Z,2021-11-6T00:00:00Z
675,2021-11-6T00:00:00Z,2021-11-7T00:00:00Z
676,2021-11-7T00:00:00Z,2021-11-8T00:00:00Z
677,2021-11-8T00:00:00Z,2021-11-9T00:00:00Z
678,2021-11-9T00:00:00Z,2021-11-10T00:00:00Z
679,2021-11-10T00:00:00Z,2021-11-11T00:00:00Z
680,2021-11-11T00:00:00Z,2021-11-12T00:00:00Z
681,2021-11-12T00:00:00Z,2021-11-13T00:00:00Z
682,2021-11-13T00:00:00Z,2021-11-14T00:00:00Z
683,2021-11-14T00:00:00Z,2021-11-15T00:00:00Z
684,2021-11-15T00:00:00Z,2021-11-16T00:00:00Z
685,2021-11-16T00:00:00Z,2021-11-17T00:00:00Z
686,2021-11-17T00:00:00Z,2021-11-18T00:00:00Z
687,2021-11-18T00:00:00Z,2021-11-19T00:00:00Z
688,2021-11-19T00:00:00Z,2021-11-20T00:00:00Z
689,2021-11-20T00:00:00Z,2021-11-21T00:00:00Z
690,2021-11-21T00:00:00Z,2021-11-22T00:00:00Z
691,2021-11-22T00:00:00Z,2021-11-23T00:00:00Z
692,2021-11-23T00:00:00Z,2021-11-24T00:00:00Z
693,2021-11-24T00:00:00Z,2021-11-25T00:00:00Z
694,2021-11-25T00:00:00Z,2021-11-26T00:00:00Z
695,2021-11-26T00:00:00Z,2021-11-27T00:00:00Z
696,2021-11-27T00:00:00Z,2021-11-28T00:00:00Z
697,2021-11-28T00:00:00Z,2021-11-29T00:00:00Z
698,2021-11-29T00:00:00Z,2021-11-30T00:00:00Z
699,2021-11-30T00:00:00Z,2021-12-1T00:00:00Z
700,2021-12-1T00:00:00Z,2021-12-2T00:00:00Z
701,2021-12-2T00:00:00Z,2021-12-3T00:00:00Z
702,2021-12-3T00:00:00Z,2021-12-4T00:00:00Z
703,2021-12-4T00:00:00Z,2021-12-5T00:00:00Z
704,2021-12-5T00:00:00Z,2021-12-6T00:00:00Z
705,2021-12-6T00:00:00Z,2021-12-7T00:00:00Z
706,2021-12-7T00:00:00Z,2021-12-8T00:00:00Z
707,2021-12-8T00:00:00Z,2021-12-9T00:00:00Z
708,2021-12-9T00:00:00Z,2021-12-10T00:00:00Z
709,2021-12-10T00:00:00Z,2021-12-11T00:00:00Z
710,2021-12-11T00:00:00Z,2021-12-12T00:00:00Z
711,2021-12-12T00:00:00Z,2021-12-13T00:00:00Z
712,2021-12-13T00:00:00Z,2021-12-14T00:00:00Z
713,2021-12-14T00:00:00Z,2021-12-15T00:00:00Z
714,2021-12-15T00:00:00Z,2021-12-16T00:00:00Z
715,2021-12-16T00:00:00Z,2021-12-17T00:00:00Z
716,2021-12-17T00:00:00Z,2021-12-18T00:00:00Z
717,2021-12-18T00:00:00Z,2021-12-19T00:00:00Z
718,2021-12-19T00:00:00Z,2021-12-20T00:00:00Z
719,2021-12-20T00:00:00Z,2021-12-21T00:00:00Z
720,2021-12-21T00:00:00Z,2021-12-22T00:00:00Z
721,2021-12-22T00:00:00Z,2021-12-23T00:00:00Z
722,2021-12-23T00:00:00Z,2021-12-24T00:00:00Z
723,2021-12-24T00:00:00Z,2021-12-25T00:00:00Z
724,2021-12-25T00:00:00Z,2021-12-26T00:00:00Z
725,2021-12-26T00:00:00Z,2021-12-27T00:00:00Z
726,2021-12-27T00:00:00Z,2021-12-28T00:00:00Z
727,2021-12-28T00:00:00Z,2021-12-29T00:00:00Z
728,2021-12-29T00:00:00Z,2021-12-30T00:00:00Z
729,2021-12-30T00:00:00Z,2021-12-31T00:00:00Z
730,2021-12-31T00:00:00Z,2022-1-1T00:00:00Z
